Name,Symbol,Atomic Number,Atomic Weight,Period,Group,Families,Metal,l quantum Number,"Atomic, calculated","Atomic, display*",display*,Miracle,Covalent,Ionic,van der Waals,Effective Ionic,Zunger radii sum,csd covalent,csd covalent.1,Slater,Orbital,crystal,Pauling,MB,Gordy,Mulliken,Allred-Rockow,Sanderson-1,Sanderson-2,Sanderson-3,Sanderson-4,Sanderson-5,Sanderson-6,Sanderson-7,Allred,Boyd-EdgeCombe,Ghosh-Gupta (eV),Pearson Absolute (eV),Nagle,Allen,Metallic Valence,# Valence Electrons,Gilmor # of valence electron,valence s,valence p,valence d,valence f,# unfilled s,# unfilled p,# unfilled d,# unfilled f,outer shell electrons,1st ionization potential (kJ/mol),polarizability (A^3),Melting,Boiling,Boiling*,Superconducting,Curie,Neel,Density (g/mL),Specific Heat (J/g K),Fusion,Vaporization,Atomization,Conductivity (W/(m K)),Conductivity (W/(m K))*,Expansion (K^-1),Cohesive energy,B(Gpa),zeff,1st bohr radius(a),electron affinity (kJ/mol),Bulk,Shear,Young,Vickers (MPa),Brinell (MPa),Chemical,LDA-Etot,LDA-Ekin,LDA-Ecoul,LDA-Eenuc,LDA-Exc,LSD-Etot,LSD-Ekin,LSD-Ecoul,LSD-Eenuc,LSD-Exc,RLDA-Etot,RLDA-Ekin,RLDA-Ecoul,RLDA-Eenuc,RLDA-Exc,ScRLDA-Etot,ScRLDA-Ekin,ScRLDA-Ecoul,ScRLDA-Eenuc,ScRLDA-Exc,Crystal Structure,Space Group,alpha,beta,gamma,a,b,c,Resistivity (mΩ),Resistivity (mΩ)*,Electrical Conductivity,Adiabatic,Refractive,Temperature (K),Pressure (Mpa),Radioactivity,Half Life (sec),Lifetime (sec),Neutron cross section,Neutron mass absorption,Ionization Energy (eV)
Hydrogen,H,1,1.00794,1,1,7,Nonmetal,0,53,37,v,,37,-4,120,10,1.25,31,,0.25,52.9,0.1,2.2,2.1,7.1784,7.18,2.3,2.592,N/A,N/A,N/A,N/A,N/A,N/A,2.2,N/A,7.1862,7.18,2.27,2.3,0,1,1,1,0,0,0,1,6,10,14,1,1312,0.7,14.05,20.25,,,,,0.0899,14.304,0.5868,0.44936,218,0.1815,,,0,0.2,1,0.529,73,,,,,,-37.55,-0.445671,0.425027,0.282827,-0.920999,-0.232525,-0.478671,0.466643,0.298377,-0.965619,-0.278072,-0.445668,0.42502,0.282824,-0.920997,-0.232516,-0.445668,0.42502,0.282824,-0.920996,-0.232515,Simple Hexagonal,194,1.570796327,1.570796327,2.094395102,470,470,340,N/A,,,1.4,1.000035,32.97,1.293,Nonradioactive,,,0.332,0.011,13.5984
Helium,He,2,4.002602,1,18,9,Nonmetal,0,31,32,v,,32,,140,,0,28,,0.31,29.1,0,0,0,12.0486,0,4.16,N/A,N/A,N/A,N/A,N/A,N/A,N/A,N/A,N/A,12.0568,N/A,3.92,N/A,0,0,0,0,0,0,0,2,6,10,14,0,2372,0.198,0.95,4.25,,,,,0.1785,5.193,0.02,0.0845,0,0.152,,,0,#,1.344,0.394,-50,,,,,,25,-2.834836,2.767922,1.99612,-6.625564,-0.973314,-2.834836,2.767922,1.99612,-6.625564,-0.973314,-2.834785,2.767773,1.996036,-6.625496,-0.973098,-2.834785,2.767751,1.99603,-6.625471,-0.973096,Face-centered Cubic,225,1.570796327,1.570796327,1.570796327,424.2,424.2,424.2,N/A,,,1.67,1.000067,5.19,0.227,Nonradioactive,,,0.007,0.00001,24.5874
Lithium,Li,3,6.941,2,1,1,Metal,0,167,152,m,152,134,90,182,76,1.61,128,,1.45,158.6,0.9,0.98,0.9,3.2223,3.01,0.912,0.886,N/A,N/A,N/A,N/A,N/A,N/A,0.98,1,2.4435,3.01,0.94,0.912,1,1,1,1,0,0,0,1,6,10,14,1,520,24.3,453.65,1615.15,,,,,0.535,3.6,3,145.92,161,84.7,,0.000046,1.63,11.6,1.259,1.681,60,11,4.2,4.9,,,-30.45,-7.335195,7.237484,3.990755,-16.911041,-1.652393,-7.343957,7.249892,4.009258,-16.937918,-1.665189,-7.335231,7.237592,3.99073,-16.911917,-1.651635,-7.335231,7.237481,3.990704,-16.911792,-1.651624,Body-centered Cubic,229,1.570796327,1.570796327,1.570796327,351,351,351,9.40E-08,,11000000,,1.000132,3223,67,Nonradioactive,,,71,0,5.3917
Beryllium,Be,4,9.01218,2,2,2,Metal,0,112,112,m,112,90,59,153,45,1.08,96,,1.05,104,0.41,1.57,1.45,3.7942,4.9,1.576,1.56,1.81,N/A,N/A,N/A,N/A,N/A,1.57,1.44,3.706,4.9,1.55,1.576,2,2,2,2,0,0,0,0,6,10,14,2,899,5.6,1551.15,3243.15,,0.026,,,1.85,1.82,7.95,292.4,324,200,,0.0000113,3.32,110,1.656,1.278,-50,130,132,287,1670,600,24.275,-14.447209,14.309424,7.115257,-33.357034,-2.514856,-14.447209,14.309424,7.115257,-33.357034,-2.514856,-14.447997,14.311787,7.115741,-33.362526,-2.512998,-14.447997,14.311376,7.115647,-33.362056,-2.512964,Simple Hexagonal,194,1.570796327,1.570796327,2.094395102,228.58,228.58,358.43,4.00E-08,,25000000,,1.000195,,,Nonradioactive,,,0.0092,0.00003,9.3227
Boron,B,5,10.811,2,13,6,Metalloid,1,87,82,v,78,82,41,180,27,0.795,84,,0.85,77.6,0.25,2.04,1.9,4.5951,4.29,2.051,1.53,2.19,2.275,N/A,N/A,N/A,N/A,2.04,1.9,4.9686,4.29,2.02,2.051,3,3,3,2,1,0,0,0,5,10,14,3,801,3,2352.15,4275,,,,,2.34,1.02,50.2,489.7,573,27,,0.000006,5.81,178,1.561,1.355,27,320,,,49000,,-14.45,-24.344198,24.161047,11.503002,-56.484587,-3.52366,-24.353614,24.172451,11.528234,-56.51674,-3.537559,-24.347331,24.170449,11.50476,-56.502555,-3.519985,-24.347331,24.169382,11.504547,-56.501346,-3.519913,Simple Trigonal,166,1.01334,1.01334,1.01334,506,506,506,1.00E+04,,0.0001,,1.000271,,,Nonradioactive,,,760,2.4,8.298
Carbon,C,6,12.011,2,14,7,Nonmetal,1,67,77,v,77,77,40,170,16,0.64,76,"76, 73, 69",0.7,62,0.29,2.55,2.37,5.6246,6.27,2.544,2.746,N/A,N/A,N/A,N/A,N/A,N/A,2.55,2.6,6.2338,6.27,2.55,2.544,4,4,4,2,2,0,0,0,4,10,14,4,1086,1.8,3640.15,5100.15,4300.15,,,,2.25,0.71,105,355.8,717,129,140,0.0000071,7.37,443,1.8193,1.163,122,33,,,,,-62.185,-37.425749,37.190391,17.627997,-87.515412,-4.728724,-37.470031,37.242662,17.722784,-87.646436,-4.789041,-37.434171,37.215681,17.632308,-87.559852,-4.722308,-37.43417,37.213317,17.631889,-87.557199,-4.722177,Simple Hexagonal,194,1.570796327,1.570796327,2.094395102,246.4,246.4,671.1,1.00E-05,,100000,,1.000281,,,Nonradioactive,,,0.0035,0.000015,11.2603
Nitrogen,N,7,14.00674,2,15,7,Nonmetal,1,56,75,v,72,75,132,155,146,0.54,71,,0.65,52.1,0.3,3.04,2.85,6.8834,7.3,3.066,3.194,N/A,N/A,N/A,N/A,N/A,N/A,3.04,3.08,7.4964,7.3,3.12,3.066,3,5,5,2,3,0,0,0,3,10,14,5,1402,1.1,63.25,77.35,,,,,0.00125,1.04,0.3604,2.7928,473,0.02598,0.02583,,4.92,1.2,2.068,1.023,-0.07,,,,,,-1.39,-54.025016,53.731727,25.799845,-127.416229,-6.140359,-54.136799,53.861177,26.005085,-127.71784,-6.285222,-54.043484,53.787205,25.808674,-127.509302,-6.13006,-54.043482,53.782518,25.807921,-127.504081,-6.12984,Simple Hexagonal,194,1.570796327,1.570796327,2.094395102,386.1,386.1,626.5,N/A,,,1.4,1.000298,126.21,3.39,Nonradioactive,,,1.91,0.0048,14.5341
Oxygen,O,8,15.9994,2,16,7,Nonmetal,1,48,73,v,64,73,126,152,140,0.465,66,,0.6,45,1.21,3.44,3.32,8.3703,7.54,3.61,3.654,N/A,N/A,N/A,N/A,N/A,N/A,3.44,3.62,8.7861,7.54,3.62,3.61,0,6,6,2,4,0,0,0,2,10,14,6,1314,0.793,54.75,90.15,,,,,0.00143,0.92,0.22259,3.4099,249,0.02674,0.02658,,2.62,2.24694868,2.001,1.058,141,,,,,,-72.16,-74.473077,74.116881,36.331102,-177.152578,-7.768482,-74.52741,74.178813,36.409873,-177.279326,-7.83677,-74.508653,74.223804,36.3473,-177.326837,-7.75292,-74.508648,74.215239,36.346037,-177.317352,-7.752572,Base-centered Monoclinic,12,1.570796327,2.313085,1.570796327,540.3,342.9,508.6,N/A,,,1.4,1.000427,154.59,5.043,Nonradioactive,,,0.00028,1.00E-06,13.6181
Fluorine,F,9,18.998403,2,17,8,Nonmetal,1,42,71,v,66,71,119,147,133,0.405,57,,0.5,39.6,1.19,3.98,3.78,10.0854,10.41,4.193,4,N/A,N/A,N/A,N/A,N/A,N/A,3.98,4,10.0378,10.41,4.23,4.193,0,7,7,2,5,0,0,0,1,10,3,7,1681,0.634,53.35,85.05,,,,,0.0017,0.82,0.2552,3.2698,79,0.0279,,,0.84,2.2,2.263,0.835,328,,,,,,-165.89,-99.099648,98.676131,49.535385,-237.688846,-9.622319,-99.114192,98.6925,49.553571,-237.720045,-9.640218,-99.162239,98.864327,49.562929,-237.989645,-9.599851,-99.162225,98.849634,49.560919,-237.97345,-9.599327,Base-centered Monoclinic,15,1.570796327,1.570796327,1.570796327,550,328,728,N/A,,,1.4,1.000702,144.13,5.172,Nonradioactive,,,0.0096,0.00002,17.4228
Neon,Ne,10,20.1797,2,18,9,Nonmetal,1,38,69,v,,69,,154,102,0,58,,0.38,35.4,0,0,0,12.0317,0,4.789,4.5,N/A,N/A,N/A,N/A,N/A,4.36,N/A,N/A,11.3003,N/A,4.89,4.787,0,0,0,0,0,0,0,2,6,10,14,0,2081,0.396,24.45,25.15,,,,,0.0009,0.904,0.3317,1.7326,0,0.0493,,,0.02,#,2.518,0.84,-120,,,,,,60,-128.233481,127.738667,65.726488,-309.988206,-11.71043,-128.233481,127.738667,65.726488,-309.988206,-11.71043,-128.336403,128.048273,65.77074,-310.476301,-11.679115,-128.336369,128.024308,65.767675,-310.449994,-11.678358,Face-centered Cubic,225,1.570796327,1.570796327,1.570796327,442.9,442.9,442.9,N/A,,,1.67,1.000773,44.4,2.76,Nonradioactive,,,0.04,0.00059,21.5645
Sodium,Na,11,22.989768,3,1,1,Metal,0,190,186,m,180,154,116,227,72,2.65,166,,1.8,171.3,1.16,0.93,0.89,2.5378,2.85,0.869,0.835,N/A,N/A,N/A,N/A,N/A,N/A,0.93,1,2.438,2.85,0.95,0.869,1,1,1,1,0,0,0,1,6,10,14,1,496,23.6,370.95,1156.15,,,,,0.971,1.23,2.598,96.96,109,141,,7.00E-05,1.113,6.8,1.842,2.584,53,6.3,3.3,10,,0.69,-26.945,-161.44006,160.896571,79.732497,-388.546372,-13.522757,-161.447625,160.907255,79.784904,-388.606022,-13.533763,-161.601691,161.382981,79.804831,-389.308645,-13.480857,-161.601623,161.344619,79.799934,-389.266444,-13.479731,Body-centered Cubic,229,1.570796327,1.570796327,1.570796327,429.06,429.06,429.06,4.70E-08,,21000000,,1.000895,2573,35,Nonradioactive,,,0.53,0.0007,5.1391
Magnesium,Mg,12,24.305,3,2,2,Metal,0,145,160,m,160,130,86,173,53.5,2.03,141,,1.5,127.9,0.86,1.31,1.31,2.9745,3.75,1.293,1.318,N/A,N/A,N/A,N/A,N/A,N/A,1.31,1.32,3.6108,3.75,1.32,1.293,2,2,2,2,0,0,0,0,6,10,14,2,738,10.6,922.15,1363.15,,,,,1.74,1.02,8.954,127.4,148,156,,2.48E-05,1.51,35.6,2.248,0.674,-40,45,17,45,,260,19.345,-199.139406,198.541505,95.67329,-477.899149,-15.455051,-199.139406,198.541505,95.67329,-477.899149,-15.455051,-199.382965,199.274807,95.78447,-479.041925,-15.400316,-199.382839,199.215426,95.777042,-478.976612,-15.398695,Simple Hexagonal,194,1.570796327,1.570796327,2.094395102,320.94,320.94,521.08,4.40E-08,,23000000,,1.000933,,,Nonradioactive,,,0.063,0.0001,7.6462
Aluminum,Al,13,26.981539,3,13,5,Metal,1,118,143,m,141,118,67.5,184,40,1.675,121,,1.25,131.2,0.53,1.61,1.64,3.5237,3.23,1.613,0.84,1.63,1.714,N/A,N/A,N/A,N/A,1.61,1.58,4.6393,3.23,1.55,1.613,3,3,3,2,1,0,0,0,5,10,14,3,578,8.3,933.15,2740.15,2792.15,1.175,,,2.7,0.9,10.79,293.4,326,237,,2.31E-05,3.39,75.2,1.989,0.761,42,76,26,70,167,245,-21.82,-241.315573,240.663489,112.670733,-577.205757,-17.444038,-241.321156,240.670669,112.705697,-577.245289,-17.452233,-241.669323,241.729117,112.827267,-578.851985,-17.373722,-241.669101,241.64091,112.816539,-578.755072,-17.371477,Face-centered Cubic,225,1.570796327,1.570796327,1.570796327,404.95,404.95,404.95,2.60E-08,,38000000,,1.000991,,,Nonradioactive,,,0.233,0.03,5.9858
Silicon,Si,14,28.0855,3,14,6,Nonmetal,1,111,111,v,110,111,54,210,44,1.42,11,111,1.1,106.8,0.4,1.9,1.98,4.1852,4.77,1.916,2.08,N/A,1.99,2.138,N/A,N/A,N/A,1.9,1.87,5.5236,4.77,1.87,1.916,4,4,4,2,2,0,0,0,4,10,14,4,787,5.4,1683.15,2628.15,3173.15,,,,2.33,0.71,50.55,384.22,452,148,,2.60E-06,4.63,98,2.321,0.652,134,100,,47,9630.1303,,-67.99,-288.198397,287.48774,131.767814,-687.900675,-19.553276,-288.222945,287.518355,131.881748,-688.036467,-19.586581,-288.696925,288.990326,131.982541,-690.205114,-19.464678,-288.696551,288.863348,131.967556,-690.0658,-19.461655,Tetrahedral Packing,227,1.570796327,1.570796327,1.570796327,543.09,543.09,543.09,1.00E-03,,1000,,1.001111,,,Nonradioactive,,,0.166,0.0002,8.1517
Phosphorus,P,15,30.973762,3,15,7,Nonmetal,1,98,106,v,102,106,58,180,184,1.24,107,,1,91.9,0.31,2.19,2.32,4.9591,5.62,2.253,2.515,N/A,N/A,N/A,N/A,N/A,N/A,2.19,2.17,6.3405,5.62,2.22,2.253,3,5,5,2,3,0,0,0,3,10,14,5,1012,3.6,317.25,553.15,,,,,1.82,0.77,0.657,12.129,315,0.235,,,3.43,30.4,3.412,5.752,72,11,,,,,-37.16,-339.946219,339.173459,153.065007,-810.4001,-21.784585,-340.005794,339.246155,153.286547,-810.676999,-21.861498,-340.631017,341.238665,153.353051,-813.54795,-21.674782,-340.630409,341.06068,153.332668,-813.352953,-21.670803,Simple Triclinic,2,1.25384,1.57725,1.24896,1145,550.3,1126.1,1.00E-07,,10000000,,1.001132,,,Nonradioactive,,,0.18,0.0002,10.4867
Sulfur,S,16,32.066,3,16,7,Nonmetal,1,88,102,v,103,102,170,180,181,1.1,105,,1,81,0.43,2.58,2.65,5.8458,6.22,2.589,2.957,N/A,N/A,N/A,N/A,N/A,N/A,2.58,2.64,6.8379,6.22,2.49,2.589,2,6,6,2,4,0,0,0,2,10,14,6,1000,2.9,385.95,717.85,,,,,2.07,0.71,1.7175,9.8,279,0.269,0.205,,2.85,7.7,2.617,5.787,200,7.7,,,,,-101.325,-396.716081,395.878143,176.68795,-945.141155,-24.141019,-396.743948,395.911428,176.770628,-945.250263,-24.175741,-397.636285,398.654968,177.067057,-949.351433,-24.006876,-397.635327,398.411116,177.039936,-949.084638,-24.001741,Face-centered Orthorhombic,70,1.570796327,1.570796327,1.570796327,1043.7,1284.5,2436.9,1.00E+15,,1.00E-15,,1.001212,1314,20.7,Nonradioactive,,,0.52,0.00055,10.36
Chlorine,Cl,17,35.4527,3,17,8,Nonmetal,1,79,99,v,105,99,167,175,138,1.01,102,,1,72.5,1.67,3.16,2.98,6.8446,8.3,2.869,3.475,N/A,N/A,N/A,N/A,N/A,N/A,3.16,3.05,7.2923,8.3,2.82,2.869,0,7,7,2,5,0,0,0,1,10,14,7,1251,2.2,172.15,238.55,,,,,0.00321,0.48,3.23,10.2,121,0.0089,,,1.4,1.1,2.928,0.517,349,1.1,,,,,-175.99,-458.664179,457.758293,202.772337,-1092.568993,-26.625816,-458.671463,457.766864,202.790718,-1092.594365,-26.63468,-459.877336,461.421464,203.263193,-1098.098008,-26.463985,-459.87587,461.093903,203.227774,-1097.740075,-26.457471,Base Orthorhombic,64,1.570796327,1.570796327,1.570796327,622.35,445.61,817.85,1.00E+02,,0.01,1.4,1.001552,416.9,7.991,Nonradioactive,,,35.3,0.033,12.9676
Argon,Ar,18,39.948,3,18,9,Nonmetal,1,71,97,v,,97,188,188,,0,106,,0.71,65.9,0,0,0,7.9552,0,3.242,3.31,N/A,N/A,N/A,N/A,N/A,N/A,N/A,N/A,7.6515,N/A,3.18,3.242,0,0,0,0,0,0,0,2,6,10,14,0,1521,1.586,83.95,87.45,,,,,0.00178,0.52,1.188,6.447,0,0.01772,,,0.08,#,3.228,0.469,-96,,,,,,48,-525.946195,524.969812,231.458124,-1253.131982,-29.242149,-525.946195,524.969812,231.458124,-1253.131982,-29.242149,-527.519049,529.722274,232.084684,-1260.276935,-29.049073,-527.516861,529.289796,232.039165,-1259.80489,-29.040931,Face-centered Cubic,225,1.570796327,1.570796327,1.570796327,525.6,525.6,525.6,N/A,,,1.67,1.00205,150.87,4.898,Nonradioactive,,,0.66,0.00059,15.7596
Potassium,K,19,39.0983,4,1,1,Metal,0,243,227,m,230,196,152,275,138,3.69,203,,2.2,216.2,1.52,0.82,0.8,2.7882,2.42,0.734,0.445,N/A,N/A,N/A,N/A,N/A,N/A,0.82,0.99,2.0027,2.42,0.84,0.734,1,1,1,1,0,0,0,1,6,10,14,1,419,43.4,336.4,1033.15,,,,,0.86,0.75,2.334,79.87,90,102.4,,8.30E-05,0.934,3.2,1.694,0.894,48,3.1,1.3,,,0.363,-24.4,-598.20059,597.17213,257.381524,-1421.104115,-31.650129,-598.206032,597.179968,257.437,-1421.164934,-31.658067,-600.211193,603.251432,258.181811,-1430.22181,-31.422626,-600.208027,602.687891,258.123548,-1429.606938,-31.412527,Body-centered Cubic,229,1.570796327,1.570796327,1.570796327,532.8,532.8,532.8,7.00E-08,,14000000,,2.417,2223,16,Nonradioactive,,,2.1,0.0018,4.3407
Calcium,Ca,20,40.078,4,2,2,Metal,0,194,197,m,201,174,114,231,100,3,176,,1.8,169,1.14,1,1.17,3.0128,2.2,1.034,1.13,1.95,N/A,N/A,N/A,N/A,N/A,1,1.34,2.6965,2.2,1.11,1.034,2,2,2,2,0,0,0,0,6,10,14,2,590,22.8,1112.15,1757.15,,,,,1.55,0.63,8.54,153.3,178,200,,2.23E-05,1.84,17.2,2.68,1.004,2,17,7.4,20,,167,-1.585,-675.742283,674.657334,285.20613,-1601.463209,-34.142538,-675.742283,674.657334,285.20613,-1601.463209,-34.142538,-678.279346,682.333976,286.211793,-1612.948417,-33.876698,-678.274863,681.609187,286.138343,-1612.158072,-33.864321,Face-centered Cubic,225,1.570796327,1.570796327,1.570796327,558.84,558.84,558.84,3.40E-08,,29000000,,,,,Nonradioactive,,,0.43,0.00037,6.1132
Scandium,Sc,21,44.95591,4,3,3,Metal,2,184,162,m,162,144,88.5,230,74.5,2.75,170,,1.6,157,0.89,1.36,1.5,3.0728,3.34,1.19,N/A,0.64,1.02,N/A,N/A,N/A,N/A,1.36,N/A,2.8571,3.34,1.17,N/A,3,3,1,2,0,1,0,0,6,9,14,2,633,17.8,1814.15,3105.15,,0.05,,,2.99,0.6,14.1,314.2,378,15.8,,1.02E-05,3.9,56.6,2.777,0.969,18,57,29,74,,750,-9.75,-758.679275,757.5252,318.555762,-1797.853811,-36.906426,-758.685248,757.532115,318.60574,-1797.907745,-36.915357,-761.836473,767.085779,319.734188,-1812.061408,-36.595031,-761.830251,766.171674,319.643878,-1811.065621,-36.580182,Simple Hexagonal,194,1.570796327,1.570796327,2.094395102,330.9,330.9,527.33,5.50E-07,,1800000,,,,,Nonradioactive,,,27.2,0.025,6.5615
Titanium,Ti,22,47.88,4,4,4,Metal,2,176,147,m,142,136,100,215,86,2.58,160,,1.4,147.7,0.75,1.54,1.86,3.1359,3.45,1.38,N/A,0.73,1.09,1.5,N/A,N/A,N/A,1.54,N/A,3.004,3.45,1.23,N/A,4,4,2,2,0,2,0,0,6,8,14,2,659,14.6,1933.15,3560.15,,0.4,,,4.54,0.52,15.45,421,470,21.9,,8.60E-06,4.85,108,2.833,0.95,8,110,44,116,970,715,-4.93,-847.277216,846.050533,355.232355,-2008.740849,-39.819256,-847.303463,846.080558,355.394778,-2008.923404,-39.855395,-851.162463,857.825375,356.620978,-2026.150639,-39.458177,-851.153978,856.687119,356.511854,-2024.912351,-39.440599,Simple Hexagonal,194,1.570796327,1.570796327,2.094395102,295.08,295.08,468.55,4.00E-07,,2500000,,,,,Nonradioactive,,,6.1,0.0044,6.8281
Vanadium,V,23,50.9415,4,5,4,Metal,2,171,134,m,134,125,93,205,79,2.43,153,,1.35,140.1,0.68,1.63,2.22,3.2021,3.6,1.53,N/A,0.69,1.39,1.89,2.51,N/A,N/A,1.63,N/A,3.1482,3.6,1.27,N/A,5,5,3,2,0,3,0,0,6,7,14,2,651,12.4,2163.15,3653.15,3680.15,5.4,,,6.11,0.49,20.9,453,514,30.7,,8.40E-06,5.31,158,2.816,0.956,51,160,47,128,628,628,-26.61,-758.679275,757.5252,318.555762,-1797.853811,-36.906426,-941.742204,940.448753,395.485129,-2234.721054,-42.955032,-946.412584,954.735363,396.792977,-2255.484723,-42.456201,-946.401188,953.333535,396.662692,-2253.961805,-42.43561,Body-centered Cubic,229,1.570796327,1.570796327,1.570796327,303,303,303,2.00E-07,,5000000,,,,,Nonradioactive,,,5.06,0.0033,6.7462
Chromium,Cr,24,51.9961,4,6,4,Metal,2,166,128,m,130,127,87,200,80,2.44,139,,1.4,145.3,0.76,1.66,2,3.2713,3.72,1.65,N/A,1.24,1.66,2.29,2.83,3.37,N/A,1.66,N/A,3.2951,3.72,1.29,N/A,5.78,6,4,1,0,5,0,1,6,5,14,1,653,11.6,2130.15,2945.15,,,,"311 (strain-free single crystal), 120 (nanocrystalline)",7.19,0.45,16.9,344.3,397,93.7,,4.90E-06,4.1,160,2.82,0.955,65,160,115,279,1060,1120,-33.5,-1042.030238,1040.642716,441.867987,-2478.305541,-46.2354,-1042.218348,1040.859934,442.88611,-2479.487016,-46.477376,-1047.738289,1057.972206,443.665838,-2503.6209,-45.755433,-1047.723197,1056.270005,443.512785,-2501.774322,-45.731664,Body-centered Cubic,229,1.570796327,1.570796327,1.570796327,291,291,291,1.30E-07,,7900000,,,,,Nonradioactive,,,3.1,0.0021,6.7665
Manganese,Mn,25,54.93805,4,7,4,Metal,2,161,127,m,132,139,81,196,83,2.22,132,"139, 161",1.4,127.8,0.81,1.55,2.04,3.3437,3.72,1.75,N/A,1.66,2.2,2.74,3.28,3.82,N/A,1.55,N/A,3.4349,3.72,1.36,N/A,5.78,7,5,2,0,5,0,0,6,5,14,2,717,9.4,1517.15,2235.15,,,,100,7.43,0.48,12.05,226,281,7.82,,2.17E-05,2.92,92.6,2.956,0.911,-50,120,76.4,198,,196,23.98,-1148.449372,1146.990867,485.085158,-2731.133992,-49.391406,-1148.644093,1147.208134,485.852669,-2732.070736,-49.63416,-1155.294212,1167.790159,487.295552,-2761.529143,-48.85078,-1155.274475,1165.723342,487.114939,-2759.289515,-48.823241,Body-centered Cubic,217,1.570796327,1.570796327,1.570796327,891.25,891.25,891.25,1.60E-06,,620000,,,,,Nonradioactive,,,13.3,0.0083,7.434
Iron,Fe,26,55.847,4,8,4,Metal,2,156,126,m,125,125,75,N/A,78,2.11,132,"132, 152",1.4,122.7,0.69,1.83,1.67,3.419,4.06,1.8,N/A,1.64,2.2,N/A,N/A,N/A,N/A,1.83,N/A,3.5836,4.06,1.4,N/A,5.78,8,5,2,0,6,0,0,6,4,14,2,762,8.4,1808.15,3023.15,3134.15,,1043,,7.86,0.44,13.8,349.6,418,80.2,,1.18E-05,4.28,166,3.0478,2.777,15,170,82,211,608,490,-8.335,-1261.093056,1259.553429,535.295832,-3003.082484,-52.859833,-1261.223291,1259.697871,535.733366,-3003.635009,-53.019519,-1269.22908,1284.299765,537.849537,-3039.130268,-52.248113,-1269.203563,1281.820878,537.639306,-3036.447136,-52.216611,Body-centered Cubic,229,1.570796327,1.570796327,1.570796327,286.65,286.65,286.65,9.70E-08,,10000000,,,,,Nonradioactive,,,2.56,0.0015,7.9024
Cobalt,Co,27,58.9332,4,9,4,Metal,2,152,125,m,125,126,79,200,74.5,2.02,126,"126, 150",1.35,118.1,0.54,1.88,1.72,3.4976,4.3,1.84,N/A,1.96,2.56,3.1,N/A,N/A,N/A,1.88,N/A,3.7305,4.3,1.44,N/A,5.78,9,4,2,0,7,0,0,6,3,14,2,760,7.5,1768.15,3143.15,3200.15,,1394,,8.9,0.42,16.19,376.5,425,100,,1.30E-05,4.39,182,3.046,0.885,64,180,76,209,1043,700,-32.86,-1380.091264,1378.468819,589.169216,-3291.260194,-56.469106,-1380.167299,1378.552711,589.39503,-3291.553847,-56.561193,-1389.695823,1407.71069,592.105098,-3333.731437,-55.780174,-1389.663179,1404.758937,591.861977,-3330.539729,-55.744364,Simple Hexagonal,194,1.570796327,1.570796327,2.094395102,250.71,250.71,406.95,6.00E-08,,17000000,,,,,Nonradioactive,,,37.2,0.021,7.881
Nickel,Ni,28,58.6934,4,10,4,Metal,2,149,124,m,128,121,74,163,60,2.18,124,,1.35,113.9,0.7,1.91,1.76,3.5791,4.4,1.88,N/A,1.94,2.73,3.27,3.81,N/A,N/A,1.91,N/A,3.8584,4.4,1.47,N/A,5.78,10,3,2,0,8,0,0,6,2,14,2,737,6.8,1726.15,3003.15,3186.15,,631,,8.9,0.44,17.47,370.4,430,90.7,,1.34E-05,4.44,177,2.996,0.898,112,180,76,200,638,700,-56.88,-1505.580197,1503.873332,646.833302,-3596.066045,-60.220786,-1505.615106,1503.911671,646.926967,-3596.191094,-60.26265,-1516.846867,1538.21079,650.193085,-3645.80252,-59.448222,-1516.805505,1534.719054,649.913565,-3642.030376,-59.407749,Face-centered Cubic,225,1.570796327,1.570796327,1.570796327,352.4,352.4,352.4,7.00E-08,,14000000,,,,,Nonradioactive,,,4.5,0.0026,7.6398
Copper,Cu,29,63.546,4,11,4,Metal,2,145,128,m,127,138,87,140,77,2.04,132,,1.35,119.1,0.71,1.9,1.08,3.6637,4.48,1.85,2.03,1.98,N/A,N/A,N/A,N/A,N/A,1.9,N/A,4.0026,4.48,1.51,N/A,5.44,11,2,1,0,10,0,1,6,0,14,1,745,6.7,1356.15,2840.15,3200.15,,,6.00E-08,8.96,0.38,13.05,300.3,338,401,,1.65E-05,3.49,138,3.013,0.893,119,140,48,130,369,874,-60.04,-1637.785861,1635.9828,713.928477,-3923.329381,-64.367756,-1637.793358,1635.992614,713.999508,-3923.406957,-64.378522,-1650.910397,1676.025731,717.548365,-3980.987851,-63.496642,-1650.858424,1671.934488,717.231695,-3976.573203,-63.451404,Face-centered Cubic,225,1.570796327,1.570796327,1.570796327,361.49,361.49,361.49,1.70E-08,,59000000,,,,,Nonradioactive,,,3.78,0.0021,7.7264
Zinc,Zn,30,65.39,4,12,4,Metal,2,142,134,m,140,131,88,139,74,1.88,122,,1.35,106.5,0.74,1.65,1.44,3.7515,4.45,1.59,2.223,N/A,N/A,N/A,N/A,N/A,N/A,1.65,N/A,4.1332,4.45,1.46,N/A,4.44,12,1,2,0,10,0,0,6,0,14,2,906,6.4,692.75,1179.15,,0.85,,,7.13,0.39,7.322,115.3,131,116,,3.02E-05,1.35,69.4,3.322,0.81,-60,70,43,108,8012.03305,412,29.28,-1776.57385,1774.693645,774.056522,-4257.166094,-68.157922,-1776.57385,1774.693645,774.056522,-4257.166094,-68.157922,-1791.814585,1821.24327,778.401582,-4324.261826,-67.197611,-1791.749887,1816.442682,778.037755,-4319.083631,-67.146693,Simple Hexagonal,194,1.570796327,1.570796327,2.094395102,266.49,266.49,494.68,5.90E-08,,17000000,,,,,Nonradioactive,,,1.1,0.00055,9.3942
Gallium,Ga,31,69.723,4,13,5,Metal,1,136,135,m,134,126,76,187,62,1.695,122,,1.3,125.4,0.76,1.81,1.7,4.1672,3.2,1.756,0.86,N/A,2.419,N/A,N/A,N/A,N/A,1.81,1.75,4.6638,3.2,1.56,1.756,3.44,3,3,2,1,0,0,0,5,10,14,3,579,8.1,302.95,2676.15,2477.15,1.083,,,5.9,0.37,5.59,258.7,286,40.6,29,1.20E-06,2.81,56.9,2.655,1.014,41,,,,,60,-21.35,-1921.846456,1919.894783,833.754978,-4603.576824,-71.919393,-1921.851924,1919.901853,833.82778,-4603.654197,-71.92736,-1939.453568,1973.731946,838.82376,-4681.14788,-70.861393,-1939.373561,1968.130697,838.406098,-4675.106069,-70.804286,Base Orthorhombic,64,1.570796327,1.570796327,1.570796327,451.97,766.33,452.6,1.40E-07,,7100000,,,,,Nonradioactive,,,2.9,0.0015,5.9993
Germanium,Ge,32,72.61,4,14,6,Metalloid,1,125,122,v,114,122,87,211,73,1.56,120,,1.25,109,0.53,2.01,1.99,4.6406,4.6,1.994,N/A,0.56,N/A,2.618,N/A,N/A,N/A,2.01,1.99,5.1318,4.6,1.81,1.994,4,4,4,2,2,0,0,0,4,10,14,4,762,6.1,1220.55,3103.15,,,,,5.32,0.32,36.94,330.9,377,59.9,,6.00E-06,3.85,77.2,3.046,0.884,119,,,,,7273.402499,-60.495,-2073.807332,2071.782093,895.945638,-4965.789424,-75.74564,-2073.82986,2071.810411,896.161607,-4966.025799,-75.776078,-2094.057595,2133.772372,901.81992,-5055.066254,-74.583632,-2093.959277,2127.263869,901.341795,-5048.04518,-74.519761,Face-centered Cubic,225,1.570796327,1.570796327,1.570796327,565.75,565.75,565.75,5.00E-04,,2000,,,,,Nonradioactive,,,2.2,0.0011,7.8994
Arsenic,As,33,74.92159,4,15,6,Metalloid,1,114,119,v,115,119,72,185,58,1.415,119,,1.15,100.1,0.72,2.18,2.27,5.172,5.3,2.211,2.82,N/A,N/A,N/A,N/A,N/A,N/A,2.18,2.21,5.5372,5.3,2.11,2.211,3,5,5,2,3,0,0,0,3,10,14,5,947,4.3,1090.15,890.15,,,,,5.73,0.33,27.7,34.76,302,50,,,2.96,38.3,3.396,0.884,78,22,,8,,1440,-40.135,-2232.534978,2230.434545,960.716547,-5344.04275,-79.643321,-2232.587154,2230.498886,961.107904,-5344.483402,-79.710543,-2255.727328,2301.515332,967.480227,-5446.352337,-78.37055,-2255.607224,2293.982566,966.934286,-5438.224764,-78.299312,Simple Trigonal,166,1.570796327,1.570796327,2.094395102,375.98,375.98,1054.75,3.00E-07,,3300000,,,,,Nonradioactive,,,4.2,0.002,9.7886
Selenium,Se,34,78.96,4,16,7,Nonmetal,1,103,116,v,118,116,184,190,198,1.285,120,,1.15,91.8,0.56,2.55,2.54,5.761,5.89,2.434,3.014,N/A,N/A,N/A,N/A,N/A,N/A,2.55,2.46,5.8746,5.89,2.31,2.424,2,6,6,2,4,0,0,0,2,10,14,6,941,3.8,490.15,958.15,,,,,4.79,0.32,6.694,37.7,227,0.52,,,2.46,8.3,3.385,0.795,195,8.3,3.7,10,,736,-98.77,-2398.11144,2395.934307,1028.192719,-5738.619928,-83.618538,-2398.13493,2395.962682,1028.331555,-5738.781414,-83.647752,-2424.56813,2477.11889,1035.936588,-5855.395556,-82.228052,-2424.422236,2468.433596,1035.314833,-5846.021845,-82.14882,Simple Monoclinic,14,1.570796327,1.58493,1.570796327,905.4,908.3,1160.1,N/A,,,,,1766,27.2,Nonradioactive,,,11.7,0.0056,9.7524
Bromine,Br,35,79.904,4,17,8,Nonmetal,1,94,114,v,120,114,182,185,196,1.2,120,,1.15,85.1,1.82,2.96,2.83,6.4079,7.59,2.685,3.219,N/A,N/A,N/A,N/A,N/A,N/A,2.96,2.75,6.1658,7.59,2.56,2.685,0,7,7,2,5,0,0,0,1,10,14,7,1140,3.1,265.95,331.95,,,,,3.12,0.473,5.286,15.438,112,0.122,,,1.22,1.9,3.726,0.723,325,1.9,,,,,-163.915,-2570.6207,2568.365427,1098.492305,-6149.802515,-87.675917,-2570.626651,2568.37252,1098.52183,-6149.837853,-87.683149,-2600.688476,2660.74718,1107.31508,-6282.590113,-86.160623,-2600.512192,2650.768984,1106.60884,-6271.817272,-86.072744,Base Orthorhombic,64,1.570796327,1.570796327,1.570796327,672.65,464.51,870.23,1.00E+10,,1.00E-10,,,588,10.34,Nonradioactive,,,6.8,0.002,11.8138
Krypton,Kr,36,83.8,4,18,9,Nonmetal,1,88,110,v,,110,166,202,,0,116,,0.88,79.5,,3,,7.1127,,2.966,2.91,N/A,N/A,N/A,N/A,N/A,N/A,N/A,N/A,6.3916,N/A,2.82,2.966,0,0,0,0,0,0,0,2,6,10,14,0,1351,2.5,116.15,121.15,,,,,0.00374,0.248,1.638,9.029,0,0.00949,,,0.116,#,4.056,0.664,-60,,,,,,30,-2750.14794,2747.813142,1171.723688,-6577.865761,-91.819009,-2750.14794,2747.813142,1171.723688,-6577.865761,-91.819009,-2784.199238,2852.569866,1181.732417,-6728.329838,-90.171683,-2783.9873,2841.14538,1180.932299,-6715.990502,-90.074477,Face-centered Cubic,225,1.570796327,1.570796327,1.570796327,570.6,570.6,570.6,N/A,,,,,209.41,5.5,Nonradioactive,,,25,0.013,13.9996
Rubidium,Rb,37,85.4678,5,1,1,Metal,0,265,248,m,244,211,166,290,152,4.1,220,,2.35,228.7,1.66,0.82,0.8,3.1886,2.34,0.706,0.312,N/A,N/A,N/A,N/A,N/A,N/A,0.82,N/A,2.0135,2.34,0.83,0.706,1,1,1,1,0,0,0,1,6,10,14,1,403,47.3,312.05,959.15,,,,,1.53,0.363,2.192,72.216,86,58.2,,,0.852,3.1,2.769,1.519,47,2.5,,2.4,,0.216,-23.9,-2936.337293,2933.940454,1239.168864,-7013.68955,-95.757061,-2936.34216,2933.94749,1239.25849,-7013.783989,-95.76415,-2974.774466,3052.34749,1250.536581,-7183.686413,-93.972124,-2974.52126,3039.307683,1249.631696,-7169.595831,-93.864809,Body-centered Cubic,229,1.570796327,1.570796327,1.570796327,558.5,558.5,558.5,1.20E-07,,8300000,,,2093,16,Nonradioactive,,,0.38,0.0003,4.1771
Strontium,Sr,38,87.62,5,2,2,Metal,0,219,215,m,212,192,132,255,118,3.21,195,,2,183.6,1.32,0.95,1.13,3.3588,2,0.963,0.721,N/A,N/A,N/A,N/A,N/A,N/A,0.95,N/A,2.5849,2,1.06,0.963,2,2,2,2,0,0,0,0,6,10,14,2,549,27.6,1042.15,1657.15,,,,,2.63,0.3,8.3,144,164,35.3,,2.25E-05,1.72,12,3.234,1.301,5,,6.1,,,,-3.065,-3129.453161,3126.990706,1308.954372,-7465.641817,-99.756422,-3129.453161,3126.990706,1308.954372,-7465.641817,-99.756422,-3172.705798,3260.414661,1321.799184,-7657.093368,-97.826276,-3172.404762,3245.575881,1320.77952,-7641.052032,-97.70813,Face-centered Cubic,225,1.570796327,1.570796327,1.570796327,608.49,608.49,608.49,1.30E-07,,7700000,,,,,Nonradioactive,,,1.2,0.0005,5.6949
Yttrium,Y,39,88.90585,5,3,3,Metal,2,212,180,m,179,162,104,240,90,2.94,190,,1.85,169.3,1.04,1.22,1.41,3.4043,3.19,1.12,N/A,0.4,0.65,N/A,N/A,N/A,N/A,1.22,N/A,2.7237,3.19,1.11,N/A,3,3,1,2,0,1,0,0,6,9,14,2,600,22.7,1796.15,3610.15,,1.3,,,4.47,0.3,11.4,363,423,17.2,,1.06E-05,4.37,41.2,3.379,1.245,30,41,26,64,,588,-15.705,-3329.520604,3326.984254,1384.603788,-7937.187681,-103.920964,-3329.525142,3326.989782,1384.663406,-7937.250826,-103.927504,-3378.030204,3476.837608,1398.70321,-8151.743067,-101.827955,-3377.673981,3460.017556,1397.559798,-8133.552916,-101.698418,Simple Hexagonal,194,1.570796327,1.570796327,2.094395102,364.74,364.74,573.06,5.70E-07,5.60E-07,1800000,,,,,Nonradioactive,,,1.28,0.00059,6.2173
Zirconium,Zr,40,91.224,5,4,4,Metal,2,206,160,m,158,148,86,N/A,72,2.825,175,,1.55,159.3,0.86,1.33,1.7,3.4521,3.64,1.32,N/A,0.52,0.79,0.9,N/A,N/A,N/A,1.33,N/A,2.8489,3.64,1.17,N/A,4,4,2,2,0,2,0,0,6,8,14,2,640,17.9,2125.15,4650.15,4682.15,0.61,,,6.51,0.27,16.9,582,609,22.7,,5.70E-06,6.25,89.8,3.401,1.205,41,,33,67,904,650,-21.35,-3536.737751,3534.12421,1464.236106,-8426.900586,-108.19748,-3536.757227,3534.14755,1464.408352,-8427.089908,-108.22322,-3590.981773,3701.937131,1479.762803,-8666.747028,-105.934679,-3590.562114,3682.931961,1478.485579,-8646.186552,-105.793101,Simple Hexagonal,194,1.570796327,1.570796327,2.094395102,323.2,323.2,514.7,4.20E-07,,2400000,,,,,Nonradioactive,,,0.184,0.00066,6.6339
Niobium,Nb,41,92.90638,5,5,4,Metal,2,198,146,m,143,137,86,215,72,2.76,164,,1.45,158.9,0.78,1.6,2.03,3.5023,4,1.41,N/A,0.77,1.02,1.25,1.42,N/A,N/A,1.83,N/A,2.974,4,1.21,N/A,5,5,3,1,0,4,0,1,6,6,14,1,652,15.7,2741.15,5015.15,,9.25,,,8.57,0.26,26.4,682,726,53.7,,7.30E-06,7.57,170,3.523,1.195,89,170,38,105,1320,736,-45.515,-3751.196175,3748.49657,1551.501122,-8938.494135,-112.699732,-3751.295618,3748.618193,1552.282731,-8939.372358,-112.824183,-3811.664288,3935.847422,1568.219778,-9205.483401,-110.248086,-3811.171973,3914.455159,1566.800053,-9182.333202,-110.093984,Body-centered Cubic,229,1.570796327,1.570796327,1.570796327,330.04,330.04,330.04,1.50E-07,,6700000,,,,,Nonradioactive,,,1.15,0.0004,6.7589
Molybdenum,Mo,42,95.94,5,6,4,Metal,2,190,139,m,139,145,83,N/A,69,2.72,154,,1.45,152,0.79,2.16,1.94,3.5548,3.9,1.47,N/A,0.9,1.15,1.4,1.73,2.2,N/A,2.16,N/A,3.0992,3.9,1.26,N/A,5.78,6,4,1,0,5,0,1,6,5,14,1,684,12.8,2890.15,4885.15,4912.15,0.915,,,10.2,0.25,32,598,658,138,,4.80E-06,6.82,261,3.609,1.166,72,230,20,329,1530,1500,-36.97,-3973.013235,3970.231601,1638.977454,-9465.024542,-117.197748,-3973.162595,3970.410767,1640.031844,-9466.223355,-117.381851,-4040.261934,4178.913186,1657.347402,-9761.964341,-114.558181,-4039.686653,4154.87986,1655.771331,-9735.947166,-114.390678,Body-centered Cubic,229,1.570796327,1.570796327,1.570796327,314.7,314.7,314.7,5.00E-08,,20000000,,,,,Nonradioactive,,,2.6,0.0009,7.0924
Technetium,Tc,43,97.9072,5,7,4,Metal,2,183,136,m,136,156,78.5,205,64.5,2.65,147,,1.35,139.1,0.79,1.9,2.18,3.6096,4,1.51,N/A,N/A,N/A,N/A,N/A,N/A,N/A,2.12,N/A,3.2244,N/A,1.3,N/A,5.78,7,5,2,0,5,0,0,6,5,14,2,702,11.4,2445.15,5150.15,4538.15,7.7,,,11.5,0.21,24,660,677,50.6,,,6.85,281,3.655,1.151,53,,,,,,-27.59,-4202.188857,4199.331793,1724.900741,-10004.79062,-121.630774,-4202.325611,4199.49017,1725.578215,-10005.59873,-121.79527,-4276.816006,4431.276336,1745.476452,-10334.76196,-118.806839,-4276.1463,4404.321224,1743.727394,-10305.56998,-118.62494,Simple Hexagonal,194,1.570796327,1.570796327,2.094395102,273.5,273.5,438.8,2.00E-07,,5000000,,,,,Radioactive,6.66E+12,1.90E+14,22,,7.28
Ruthenium,Ru,44,101.07,5,8,4,Metal,2,178,134,m,134,126,82,205,68,2.605,146,,1.3,141,0.82,2.2,1.97,3.6668,4.5,1.54,N/A,N/A,N/A,N/A,N/A,N/A,N/A,2.15,N/A,3.336,4.5,1.35,N/A,5.78,8,5,1,0,7,0,1,6,3,14,1,710,9.6,2583.15,4173.15,4423.15,0.49,,,12.4,0.238,24,595,643,117,,6.40E-06,6.74,286,3.676,1.144,101,220,173,447,2298.138767,2160,-51.485,-4438.981228,4436.031047,1824.80092,-10573.32364,-126.489556,-4439.044607,4436.105649,1825.194396,-10573.77908,-126.565569,-4521.54544,4693.065137,1846.844764,-10938.00916,-123.446179,-4520.768581,4662.961423,1844.917123,-10905.39743,-123.249697,Simple Hexagonal,194,1.570796327,1.570796327,2.094395102,270.59,270.59,428.15,7.00E-08,7.10E-08,14000000,,,,,Nonradioactive,,,2.6,0.0009,7.3605
Rhodium,Rh,45,102.9055,5,9,4,Metal,2,173,134,m,132,135,80.5,200,66.5,2.52,142,,1.35,136.4,0.81,2.28,1.99,3.7262,4.3,1.56,N/A,N/A,N/A,N/A,N/A,N/A,N/A,2.28,N/A,3.4611,4.3,1.39,N/A,5.78,9,4,1,0,8,0,1,6,2,14,1,720,8.6,2239.15,4000.15,3968.15,,,,12.4,0.242,21.5,493,556,150,,8.00E-06,5.75,276,3.701,1.137,110,380,150,275,1246,1100,-55.995,-4683.301031,4680.264572,1923.261557,-11155.54306,-131.2841,-4683.334925,4680.304702,1923.496867,-11155.81152,-131.32497,-4774.469912,4964.562602,1947.339689,-11558.34786,-128.024344,-4773.571808,4930.989838,1945.215295,-11521.96468,-127.812259,Face-centered Cubic,225,1.570796327,1.570796327,1.570796327,380.34,380.34,380.34,4.30E-08,,23000000,,,,,Nonradioactive,,,145,0.063,7.4589
Palladium,Pd,46,106.42,5,10,4,Metal,2,169,137,m,142,131,73,163,59,2.45,139,,1.4,56.7,0.78,2.2,2.08,3.788,4.45,1.59,N/A,N/A,N/A,N/A,N/A,N/A,N/A,2.2,N/A,3.5727,4.45,1.61,N/A,5.78,10,3,0,0,10,0,2,6,0,14,0,804,4.8,1827.15,3413.15,3236.15,,,,12,0.24,17.6,357,378,71.8,,1.18E-05,3.89,187,3.101,0.86,54,180,44,121,461,37.2,-28.04,-4935.368406,4932.234516,2031.645838,-11762.87581,-136.372955,-4935.368406,4932.234516,2031.645838,-11762.87581,-136.372955,-5035.797726,5245.950928,2057.310522,-12206.1887,-132.870481,-5034.762697,5208.615789,2054.981238,-12165.71734,-132.642382,Face-centered Cubic,225,1.570796327,1.570796327,1.570796327,389.07,389.07,389.07,1.00E-07,,10000000,,,,,Nonradioactive,,,6.9,0.0023,8.3369
Silver,Ag,47,107.8682,5,11,4,Metal,0,165,144,m,144,153,129,172,115,2.375,145,,1.6,128.6,1.29,1.93,1.07,3.8522,4.44,1.87,1.826,N/A,N/A,N/A,N/A,N/A,N/A,1.93,N/A,3.6842,4.44,1.45,N/A,5.44,11,2,1,0,10,0,1,6,0,14,1,731,7.9,1235.15,2485.15,2435.15,,,5.60E-10,10.5,0.235,11.3,250.58,284,429,,1.89E-05,2.95,104,3.73,1.128,126,100,30,85,251,24.5,-63.535,-5195.031215,5191.8186,2131.618463,-12377.29448,-141.173794,-5195.037351,5191.826711,2131.701991,-12377.38354,-141.182511,-5305.487822,5537.467641,2160.192112,-12865.69646,-137.451114,-5304.298884,5495.98076,2157.628228,-12820.70232,-137.205548,Face-centered Cubic,225,1.570796327,1.570796327,1.570796327,408.53,408.53,408.53,1.60E-08,,62000000,,,,,Nonradioactive,,,63.6,0.02,7.5762
Cadmium,Cd,48,112.411,5,12,4,Metal,0,161,151,m,157,148,109,158,95,2.215,144,,1.55,118.4,0.92,1.69,1.4,3.9187,4.33,1.52,1.98,N/A,N/A,N/A,N/A,N/A,N/A,1.69,N/A,3.7958,4.33,1.45,N/A,4.44,12,1,2,0,10,0,0,6,0,14,2,868,7.2,594.05,1038.15,,0.517,,,8.65,0.23,6.192,99.57,112,96.8,,3.08E-05,1.16,51,4.064,1.035,-70,42,19,50,,203,34.3,-5462.390982,5459.099922,2233.419308,-13008.90242,-146.007788,-5462.390982,5459.099922,2233.419308,-13008.90242,-146.007788,-5583.648689,5839.236393,2265.15185,-13545.9793,-142.057637,-5582.286913,5793.217213,2262.334423,-13496.04487,-141.793682,Simple Hexagonal,194,1.570796327,1.570796327,2.094395102,297.94,297.94,561.86,7.00E-08,,14000000,,,,,Nonradioactive,,,2450,1.4,8.9938
Indium,In,49,114.818,5,13,5,Metal,1,156,167,m,155,144,94,193,80,2.05,142,,1.55,138.2,0.94,1.78,1.63,4.2337,3.1,1.656,0.71,N/A,2.138,N/A,N/A,N/A,N/A,1.78,N/A,4.253,3.1,1.52,1.656,3.44,3,3,2,1,10,0,0,5,0,14,2,558,9.7,429.75,2353.15,,3.41,,,7.31,0.23,3.263,231.5,243,81.6,,3.21E-05,2.52,41.1,3.259,1.29,29,,,11,,8.83,-15.315,-5737.309064,5733.94412,2334.432447,-13654.87065,-150.814984,-5737.313809,5733.950328,2334.515886,-13654.95827,-150.821755,-5870.165899,6151.216822,2369.191647,-14243.95493,-146.619443,-5868.610083,6100.276039,2366.090371,-14188.64049,-146.336008,Centered Tetragonal,139,1.570796327,1.570796327,1.570796327,325.23,325.23,494.61,8.00E-08,,12000000,,,,,Nonradioactive,,,194,0.06,5.7864
Tin,Sn,50,118.71,5,14,5,Metal,1,145,141,v,155,141,83,217,69,1.88,139,,1.45,124,0.69,1.96,1.88,4.5926,4.3,1.824,N/A,1.49,N/A,2.298,N/A,N/A,N/A,1.96,N/A,4.672,4.3,1.7,1.824,4,4,4,2,2,10,0,0,4,0,14,2,709,7.7,505.15,2543.15,2875.15,3.72,,,7.31,0.227,7.029,295.8,302,66.6,,2.20E-05,3.14,58.2,3.672,1.145,107,58,18,50,,51,-54.44,-6019.953353,6016.512431,2438.225987,-14319.01448,-155.677296,-6019.972345,6016.536637,2438.47116,-14319.27747,-155.70267,-6165.265632,6473.77444,2476.231135,-14964.04407,-151.22714,-6163.492534,6417.478715,2472.824352,-14902.87234,-150.923266,Centered Tetragonal,141,1.570796327,1.570796327,1.570796327,583.18,583.18,318.19,1.10E-07,,9100000,,,,,Nonradioactive,,,0.62,0.0002,7.3439
Antimony,Sb,51,121.76,5,15,6,Nonmetal,1,133,138,v,155,138,90,206,76,1.765,139,,1.45,119.3,0.9,2.05,2.14,4.9953,4.85,1.984,2.458,N/A,N/A,N/A,N/A,N/A,N/A,2.05,N/A,5.0203,4.85,1.88,1.984,3,5,5,2,3,10,0,0,3,0,14,2,834,6.6,904.15,2223.15,1860.15,,,,6.69,0.21,19.87,77.14,262,24.3,,1.10E-05,2.75,38.3,3.984,1.183,101,42,20,55,,294,-51.57,-6310.376268,6306.85786,2544.726589,-15001.36474,-160.595974,-6310.419326,6306.911765,2545.16568,-15001.84569,-160.651084,-6469.046105,6807.128871,2586.194473,-15706.4882,-155.881254,-6467.030198,6745.014139,2582.457965,-15638.94635,-155.555956,Simple Trigonal,166,1.570796327,1.570796327,2.094395102,430.7,430.7,1127.3,4.00E-07,,2500000,,,,,Nonradioactive,,,5.4,0.0016,8.6084
Tellurium,Te,52,127.6,5,16,6,Nonmetal,1,123,135,v,140,135,207,206,221,1.67,138,,1.4,111.1,1.11,2.1,2.38,5.4418,5.49,2.158,2.618,N/A,N/A,N/A,N/A,N/A,N/A,2.52,N/A,5.325,5.49,2.08,2.158,2,6,6,2,4,10,0,0,2,0,14,2,869,5.5,722.65,1262.95,,,,,6.24,0.2,17.49,52.55,197,2.35,,,2.19,65,4.067,1.034,190,64,16,43,,180,-96.19,-6608.631413,6605.034216,2653.969369,-15702.06148,-165.573522,-6608.650476,6605.057603,2654.124594,-15702.23554,-165.59713,-6781.608647,7151.508845,2699.126623,-16471.66008,-160.584032,-6779.321924,7083.078236,2695.03441,-16397.19825,-160.236317,Simple Trigonal,152,1.570796327,1.570796327,2.094395102,445.72,445.72,592.9,1.00E-04,,10000,,,,,Nonradioactive,,,5.4,0.0013,9.0096
Iodine,I,53,126.90447,5,17,8,Nonmetal,1,115,133,v,160,133,206,198,220,1.585,139,,1.4,104.4,2.06,2.66,2.76,5.9319,6.76,2.359,2.778,N/A,N/A,N/A,N/A,N/A,N/A,2.66,N/A,5.5916,6.76,2.27,2.359,0,7,7,2,5,10,0,0,1,0,14,7,1008,5,386.65,457.15,,,,,4.93,0.214,7.824,20.752,107,0.449,,,1.11,7.7,4.381,0.96,295,7.7,,,,,-148.88,-6914.773092,6911.09591,2766.012734,-16421.26955,-170.612187,-6914.777857,6911.101681,2766.045523,-16421.3071,-170.61796,-7103.057179,7507.152121,2815.098395,-17259.97014,-165.337559,-7100.468962,7431.873857,2810.622805,-17177.9992,-164.966427,Base Orthorhombic,64,1.570796327,1.570796327,1.570796327,718.02,471.02,981.03,1.00E+07,,0.0000001,,,819,11.7,Nonradioactive,,,6.3,0.0018,10.4513
Xenon,Xe,54,131.29,5,18,9,Nonmetal,1,108,130,v,,130,62,216,,0,140,,1.08,98.6,0.62,2.6,0,6.4662,,2.582,2.34,N/A,N/A,N/A,N/A,N/A,N/A,N/A,N/A,5.8121,N/A,2.45,2.582,0,0,0,0,0,0,0,2,6,10,14,0,1170,4,161.35,166.05,,,,,0.00589,0.158,2.297,12.636,0,0.00569,,,0.16,#,4.719,0.891,-80,,,,,,40,-7228.856107,7225.097817,2880.919348,-17159.15943,-175.713845,-7228.856107,7225.097817,2880.919348,-17159.15943,-175.713845,-7433.498065,7874.305721,2934.185566,-18071.84578,-170.14357,-7430.574788,7791.610919,2929.297187,-17981.73488,-169.748015,Face-centered Cubic,225,1.570796327,1.570796327,1.570796327,620.23,620.23,620.23,N/A,,,1.67,,289.77,5.841,Nonradioactive,,,25,0.0083,12.1298
Cesium,Cs,55,132.90543,6,1,1,Metal,0,298,265,m,264,225,181,343,167,4.31,244,,2.6,251.8,1.81,0.79,0.77,4.4326,2.18,0.659,0.22,N/A,N/A,N/A,N/A,N/A,N/A,0.79,N/A,N/A,2.18,0.79,N/A,1,1,1,1,0,0,0,1,6,10,14,1,376,59.6,301.55,942.15,,,,,1.87,0.24,2.092,67.74,79,35.9,,,0.804,1.57,3.209,1.888,46,1.6,,1.7,,0.14,-23.385,-7550.55771,7546.734488,2988.242134,-17904.90606,-180.628271,-7550.561866,7546.740568,2988.348332,-17905.01643,-180.634333,-7772.66677,8252.878117,3046.118498,-18896.90815,-174.755239,-7769.373337,8162.159299,3040.791832,-18797.99028,-174.334186,Body-centered Cubic,229,1.570796327,1.570796327,1.570796327,614.1,614.1,614.1,2.00E-07,,5000000,,,1938,9.4,Nonradioactive,,,29,0.0077,3.8939
Barium,Ba,56,137.327,6,2,2,Metal,0,253,222,m,223,198,149,268,135,3.402,215,,2.15,206,1.49,0.89,1.08,4.4699,2.4,0.881,0.683,N/A,N/A,N/A,N/A,N/A,N/A,0.89,N/A,N/A,2.4,0.98,N/A,2,2,2,2,0,0,0,0,6,10,14,2,503,39.7,998.15,1913.15,2143.15,,,,3.5,0.204,7.75,142,180,18.4,,2.06E-05,1.9,10.2,3.712,1.632,14,9.4,4.9,13,,,-7.54,-7880.111578,7876.220134,3098.114585,-18668.85311,-185.593184,-7880.111578,7876.220134,3098.114585,-18668.85311,-185.593184,-8120.851149,8643.291997,3160.859674,-19745.59651,-179.406311,-8117.14838,8543.898187,3155.066584,-19637.15431,-178.958837,Body-centered Cubic,229,1.570796327,1.570796327,1.570796327,502.8,502.8,502.8,3.50E-07,,2900000,,,,,Nonradioactive,,,1.3,0.00027,5.2117
Lanthanum,La,57,138.9055,6,3,3,Metal,2,195,187,m,187,169,117.2,250,103.2,3.08,207,,1.95,191.5,1.36,1.1,1.35,4.5168,3.1,1.09,N/A,N/A,N/A,N/A,N/A,N/A,N/A,1.1,N/A,N/A,3.1,1.04,N/A,3,3,1,2,0,1,0,0,6,9,14,2,538,31.1,1193.15,3727.15,,4.88,,,6.15,0.19,6.2,414,423,13.5,,1.21E-05,4.47,27.9,3.84,1.577,45,28,14,37,491,363,-23.175,-8217.57523,8213.607378,3215.018109,-19455.49476,-190.705955,-8217.579298,8213.612422,3215.065667,-19455.54608,-190.711308,-8478.132735,9045.718274,3282.143276,-20621.81673,-184.177552,-8473.978141,8936.988405,3275.859442,-20503.12293,-183.703061,Simple Hexagonal,194,1.570796327,1.570796327,2.094395102,377.2,377.2,1214.4,6.10E-07,,1600000,,,,,Nonradioactive,,,8.98,0.0023,5.5769
Cerium,Ce,58,140.115,6,3,3,Metal,3,185,182,m,182,165,115,248,101,4.5,204,,1.85,197.8,1.15,1.12,1.1,4.5734,3.1,1.09,N/A,N/A,N/A,N/A,N/A,N/A,N/A,1.12,N/A,N/A,N/A,1.05,N/A,3.2,3,3,2,0,1,1,0,6,9,13,2,534,29.6,1071.15,3530.15,3633.15,0.022,,13,6.66,0.19,5.46,414,419,11.4,,6.30E-06,4.32,21.5,3.774,1.583,635,22,14,34,270,412,-318.05,-8563.360285,8559.301423,3351.833535,-20278.17841,-196.316831,-8563.372995,8559.315999,3351.951026,-20278.30741,-196.332615,-8844.886564,9460.503125,3422.788864,-21538.76621,-189.412346,-8840.235965,9341.824041,3416.006087,-21409.15494,-188.911151,Simple Hexagonal,194,1.570796327,1.570796327,2.094395102,362,362,599,7.50E-07,7.40E-07,1400000,,,,,Nonradioactive,,,0.6,0.00021,5.5387
Praseodymium,Pr,59,140.90765,6,3,3,Metal,3,247,182,m,183,165,113,247,99,4.48,203,,1.85,194.2,1.32,1.13,1.1,4.6395,3.1,1.09,N/A,N/A,N/A,N/A,N/A,N/A,N/A,1.13,N/A,N/A,N/A,1.06,N/A,3.1,3,3,2,0,0,3,0,6,10,11,2,527,28.2,1204.15,3290.15,3563.15,,,25,6.77,0.19,6.89,296.8,356,12.5,,6.70E-06,3.7,28.8,3.8,1.594,93,29,15,37,400,481,-47.05,-8917.664369,8913.501128,3508.213147,-21136.96521,-202.413435,-8917.715777,8913.557171,3508.76041,-21137.55232,-202.481035,-9221.365895,9888.073716,3581.618082,-22495.98099,-195.076708,-9216.171403,9758.787593,3574.336016,-22354.74568,-194.549335,Simple Hexagonal,194,1.570796327,1.570796327,2.094395102,367.25,367.25,1183.54,7.00E-07,,1400000,,,,,Nonradioactive,,,11.4,0.0029,5.473
Neodymium,Nd,60,144.24,6,3,3,Metal,3,206,181,m,182,184,143,229,129,3.99,201,,1.85,191.2,1.3,1.14,1.2,4.7152,3.1,1.09,N/A,N/A,N/A,N/A,N/A,N/A,N/A,1.14,N/A,N/A,N/A,1.03,N/A,3.1,3,3,2,0,0,4,0,6,10,10,2,533,31.4,1289.15,3400.15,3373.15,,,19.9,7,0.19,7.14,273,328,16.5,,9.60E-06,3.4,31.8,3.822,1.585,185,32,16,41,343,265,-93.1,-9280.311037,9276.05444,3654.948015,-22003.0647,-208.248794,-9280.40567,9276.157337,3655.806961,-22004.00061,-208.369358,-9607.639211,10329.05612,3732.83407,-23469.01545,-200.513948,-9601.84576,10188.28491,3724.998433,-23315.17039,-199.958718,Simple Hexagonal,194,1.570796327,1.570796327,2.094395102,365.8,365.8,1179.9,6.40E-07,,1600000,,,,,Nonradioactive,,,49,0.011,5.525
Promethium,Pm,61,144.9127,6,3,3,Metal,3,205,183,m,185,163,111,243,97,3.99,199,,1.85,188.2,1.28,1.13,1.15,4.8006,3.1,1.09,N/A,N/A,N/A,N/A,N/A,N/A,N/A,1.16,N/A,N/A,N/A,1.04,N/A,3,3,3,2,0,0,5,0,6,10,9,2,535,30.1,1315.15,3273.15,,,,,7.26,0.18,7.88,214,301,15,,1.10E-05,3.2,33,3.794,1.573,12,33,18,46,,,-6.575,-8917.664369,8913.501128,3508.213147,-21136.96521,-202.413435,-8917.715777,8913.557171,3508.76041,-21137.55232,-202.481035,-9221.365895,9888.073716,3581.618082,-22495.98099,-195.076708,-9216.171403,9758.787593,3574.336016,-22354.74568,-194.549335,Simple Hexagonal,,,,,,,,7.50E-07,,1300000,,,,,Radioactive,559000000,806000000,8.40E+03,,5.582
Samarium,Sm,62,150.36,6,3,3,Metal,3,238,180,m,185,162,136,242,122,4.14,198,,1.85,185.4,1.1,1.17,1.2,4.8955,3.1,1.09,N/A,N/A,N/A,N/A,N/A,N/A,N/A,1.17,N/A,N/A,N/A,1.05,N/A,2.8,3,3,2,0,0,6,0,6,10,8,2,545,28.8,1347.15,2067.15,,,,13.3,7.52,0.2,8.63,166.4,207,13.3,,1.27E-05,2.14,37.8,3.847,1.575,16,38,20,50,412,441,-8.6,-10031.25909,10026.81273,3962.921783,-23800.75332,-220.24029,-10031.4837,10027.05576,3964.545812,-23802.56988,-220.515387,-10410.18058,11252.09677,4050.499508,-25501.10975,-211.667105,-10403.01064,11085.76408,4041.462756,-25319.18303,-211.054438,Simple Trigonal,166,1.570796327,1.570796327,2.094395102,362.1,362.1,2625,9.40E-07,,1100000,,,,,Nonradioactive,,,5.90E+03,4.7,5.6437
Europium,Eu,63,151.965,6,3,3,Metal,3,231,180,m,196,185,131,240,117,3.94,198,,1.85,182.6,1.31,1.2,1.15,5.0001,3.1,1.09,N/A,N/A,N/A,N/A,N/A,N/A,N/A,1.18,N/A,N/A,N/A,1.06,N/A,2,3,3,2,0,0,7,0,6,10,7,2,547,27.7,1095.15,1802.15,,1.8,,91,5.24,0.18,9.21,143.5,178,13.9,,3.50E-05,1.86,14.7,3.871,1.565,83,8.3,7.9,18,167,,-42.075,-10419.71078,10415.16816,4124.189856,-24732.67422,-226.394574,-10420.02315,10415.5054,4126.262363,-24735.01882,-226.772086,-10826.73244,11734.85217,4216.975716,-26561.18041,-217.379906,-10818.77529,11554.33129,4207.288219,-26363.65707,-216.737721,Body-centered Cubic,229,1.570796327,1.570796327,1.570796327,458.1,458.1,458.1,9.00E-07,,1100000,,,,,Nonradioactive,,,4570,0.6,5.6704
Gadolinium,Gd,64,157.25,6,3,3,Metal,3,233,180,m,176,161,107.8,238,93.5,3.91,196,,1.8,171.3,1.08,1.2,1.1,5.1142,3.1,1.09,N/A,N/A,N/A,N/A,N/A,N/A,N/A,1.2,N/A,N/A,N/A,1.1,N/A,3,3,3,2,0,1,7,0,6,9,7,2,593,23.5,1586.15,3546.15,3523.15,,292,,7.9,0.23,10.05,359.4,398,10.6,,9.40E-06,4.14,37.9,4.034,1.501,13,38,22,55,570,180,-7.05,-10816.65388,10812.02673,4273.725204,-25670.16534,-232.24047,-10817.01559,10812.4169,4275.692791,-25672.46298,-232.662302,-11253.52121,12232.34522,4373.774424,-27636.82258,-222.818285,-11244.70168,12036.50707,4363.353887,-27422.41821,-222.144431,Simple Hexagonal,194,1.570796327,1.570796327,2.094395102,363.6,363.6,578.26,1.30E-06,,770000,,,,,Nonradioactive,,,4.90E+04,7.3,6.1498
Terbium,Tb,65,158.92534,6,3,3,Metal,3,225,177,m,176,159,106.3,237,92.3,3.89,194,,1.75,177.5,1.18,1.2,1.2,5.238,3.1,1.09,N/A,N/A,N/A,N/A,N/A,N/A,N/A,1.21,N/A,N/A,N/A,1.08,N/A,3,3,3,2,0,0,9,0,6,10,5,2,569,25.5,1638.15,3503.15,,,222,230,8.23,0.18,10.8,330.9,389,11.1,,1.03E-05,4.05,38.7,3.976,1.523,112,38.7,22,56,863,677,-56.6,-11222.94198,11218.20435,4461.481521,-26663.60914,-239.018708,-11223.10804,11218.38298,4462.363967,-26664.6398,-239.215183,-11691.12275,12744.67195,4565.424762,-28772.14567,-229.073799,-11681.36659,12532.65526,4554.327455,-28539.97812,-228.371181,Simple Hexagonal,194,1.570796327,1.570796327,2.094395102,360.1,360.1,569.36,1.20E-06,,830000,,,,,Nonradioactive,,,23,0.009,5.8638
Dysprosium,Dy,66,162.5,6,3,3,Metal,3,228,178,m,175,159,105.2,235,107,3.67,192,,1.75,175,1.05,1.22,1.15,5.3714,3.1,1.09,N/A,N/A,N/A,N/A,N/A,N/A,N/A,1.22,N/A,N/A,N/A,1.09,N/A,3,3,3,2,0,0,10,0,6,10,4,2,573,24.5,1685.15,2840.15,,,87,180.2,8.55,0.17,11.06,230.1,291,10.7,,1.00E-05,3.04,40.5,3.963,1.529,34,41,25,61,540,500,-17.575,-11637.86966,11633.03335,4637.607532,-27663.02195,-245.488603,-11637.97778,11633.14945,4638.134758,-27663.64641,-245.615571,-12139.25785,13272.51468,4747.510671,-29924.22927,-235.053929,-12128.47812,13043.05733,4735.651061,-29672.86601,-234.320497,Simple Hexagonal,194,1.570796327,1.570796327,2.094395102,359.3,359.3,565.37,9.10E-07,,1100000,,,,,Nonradioactive,,,950,0.2,5.9389
Holmium,Ho,67,164.93032,6,3,3,Metal,3,226,176,m,177,158,104.1,233,90.1,3.65,192,,1.75,172.7,1.04,1.23,1.2,5.5143,3.1,1.09,N/A,N/A,N/A,N/A,N/A,N/A,N/A,1.23,N/A,N/A,N/A,1.1,N/A,3,3,3,2,0,0,11,0,6,10,3,2,581,23.6,1747.15,2973.15,,,20,132.245,8.8,0.16,12.2,241,301,16.2,,1.12E-05,3.14,40.2,3.994,1.517,33,40,26,64,481,746,-17.1,-12061.77055,12056.8348,4818.79662,-28685.33803,-252.063945,-12061.83232,12056.90102,4819.075824,-28685.67313,-252.136035,-12598.22165,13816.19098,4934.922054,-31108.21228,-241.122405,-12586.32715,13568.0689,4922.259676,-30836.29789,-240.357836,Simple Hexagonal,194,1.570796327,1.570796327,2.094395102,357.73,357.73,561.58,9.40E-07,,1100000,,,,,Nonradioactive,,,64,0.015,6.0215
Erbium,Er,68,167.26,6,3,3,Metal,3,226,176,m,175,157,103,232,89,3.63,189,,1.75,170.3,1.03,1.24,1.2,5.6669,3.1,1.09,N/A,N/A,N/A,N/A,N/A,N/A,N/A,1.24,N/A,N/A,N/A,1.11,N/A,3,3,3,2,0,0,12,0,6,10,2,2,589,22.7,1802.15,3141.15,,,32,85.7,9.07,0.17,19.9,261,317,14.3,,1.22E-05,3.29,44.4,4.018,1.507,30,44,28,70,588,814,-15.6,-12494.7183,12489.6824,5005.110005,-29730.76571,-258.745003,-12494.74615,12489.71221,5005.227549,-29730.90858,-258.777332,-13068.1692,14376.13084,5127.726897,-32324.74796,-247.278978,-13055.06184,14108.04266,5114.219595,-32030.84108,-246.483018,Simple Hexagonal,194,1.570796327,1.570796327,2.094395102,355.88,355.88,558.74,8.60E-07,,1200000,,,,,Nonradioactive,,,165,0.036,6.1077
Thulium,Tm,69,168.93421,6,3,3,Metal,3,222,176,m,175,156,117,230,103,3.6,190,,1.75,168.1,1.02,1.25,1.2,5.8291,3.1,1.09,N/A,N/A,N/A,N/A,N/A,N/A,N/A,1.25,N/A,N/A,N/A,1.12,N/A,3,3,3,2,0,0,13,0,6,10,1,2,597,21.8,1818.15,2223.15,,,25,56,9.32,0.16,16.84,191,232,16.8,,1.33E-05,2.42,44.5,3.921,1.545,99,45,31,74,520,471,-50.1,-12936.78649,12931.64974,5196.611124,-30799.51525,-265.532099,-12936.79355,12931.65727,5196.639086,-30799.54966,-265.540251,-13549.25854,14952.78251,5325.995668,-33574.51328,-253.523438,-13534.83286,14663.34475,5311.599603,-33257.08131,-252.695905,Simple Hexagonal,194,1.570796327,1.570796327,2.094395102,353.75,353.75,555.46,7.00E-07,,1400000,,,,,Nonradioactive,,,105,0.025,6.1843
Ytterbium,Yb,70,173.04,6,3,3,Metal,3,222,176,m,190,156,116,228,102,3.59,197,187,1.75,165.8,1.13,1.1,1.1,6.0009,3.1,1.09,N/A,N/A,N/A,N/A,N/A,N/A,N/A,1.26,N/A,N/A,N/A,1.13,N/A,2,3,3,2,0,0,14,0,6,10,0,2,603,21,1092.15,1469.15,,,,,6.97,0.15,7.66,128.9,152,34.9,,2.63E-05,1.6,30.5,4.048,1.494,-2,31,10,24,206,343,0.45,-13388.04859,13382.8103,5393.365097,-31891.7984,-272.425592,-13388.04859,13382.8103,5393.365097,-31891.7984,-272.425592,-14041.65086,15546.61383,5529.800732,-34858.20984,-259.855592,-14025.79358,15234.35556,5514.47037,-34515.62313,-258.996388,Face-centered Cubic,225,1.570796327,1.570796327,1.570796327,548.47,548.47,548.47,2.80E-07,,3600000,,,,,Nonradioactive,,,35,0.0076,6.2542
Lutetium,Lu,71,174.967,6,3,3,Metal,2,217,174,m,175,160,100.1,227,86.1,3.37,187,,1.75,155.3,1,1.27,1.2,6.1824,3.1,1.09,N/A,N/A,N/A,N/A,N/A,N/A,N/A,1.27,N/A,N/A,N/A,1.12,N/A,3,3,3,2,0,1,14,0,6,9,0,2,524,21.9,1936.15,3675.15,,0.1,,,9.84,0.15,18.6,355.9,427,16.4,,1.00E-05,4.43,47.6,4.034,1.501,33,48,27,67,1160,893,-17.1,-13848.23038,13842.90353,5575.225315,-32987.4068,-278.952417,-13848.23477,13842.9089,5575.325406,-32987.51031,-278.95876,-14545.31929,16158.23584,5721.33747,-36159.02584,-265.866754,-14527.90572,15821.44616,5704.90613,-35789.28548,-264.972535,Simple Hexagonal,194,1.570796327,1.570796327,2.094395102,350.31,350.31,555.09,5.70E-07,5.60E-07,1800000,,,,,Nonradioactive,,,85,0.022,5.4259
Hafnium,Hf,72,178.49,6,4,4,Metal,2,208,159,m,158,150,85,225,71,2.91,175,,1.55,147.6,0.85,1.3,1.73,6.3704,3.8,1.16,N/A,N/A,N/A,N/A,N/A,N/A,N/A,1.39,N/A,N/A,3.8,1.2,N/A,4,4,2,2,0,2,14,0,6,8,0,2,659,16.2,2500.15,4873.15,,0.128,,,13.3,0.14,24.06,575,619,23,,5.90E-06,6.44,109,4.298,1.09,2,110,30,78,1760,1700,-1.865,-14317.49372,14312.0769,5760.587419,-34104.62931,-285.528734,-14317.51221,14312.09921,5760.8635,-34104.92172,-285.553202,-15060.40463,16787.9074,5916.472097,-37492.88461,-271.899517,-15041.30271,16424.87759,5898.918562,-37094.12803,-270.970833,Simple Hexagonal,194,1.570796327,1.570796327,2.094395102,319.64,319.64,505.11,3.00E-07,,3300000,,,,,Nonradioactive,,,104,0.02,6.8251
Tantalum,Ta,73,180.9479,6,5,4,Metal,2,200,146,m,145,138,86,220,72,2.79,170,,1.45,141.3,0.78,1.5,1.94,6.5738,4.11,1.34,N/A,N/A,N/A,N/A,N/A,N/A,N/A,1.79,N/A,N/A,4.11,1.26,N/A,5,5,3,2,0,3,14,0,6,7,0,2,761,13.1,3269.15,5698.15,5731.15,4.47,,,16.6,0.14,31.6,743,782,57.5,,6.30E-06,8.1,196,4.593,1.341,31,200,67,186,873,800,-16.47,-14795.8842,14790.37645,5949.357668,-35243.46006,-292.15826,-14795.92713,14790.42763,5949.841463,-35243.98378,-292.212445,-15587.05079,17436.13222,6115.300224,-38860.52007,-277.963169,-15566.1191,17045.05023,6096.568291,-38430.73758,-277.000037,Body-centered Cubic,229,1.570796327,1.570796327,1.570796327,330.13,330.13,330.13,1.30E-07,,7700000,,,,,Nonradioactive,,,20.5,0.0041,7.5496
Tungsten,W,74,183.84,6,6,4,Metal,2,193,139,m,135,146,80,210,66,2.735,162,,1.35,136,0.74,2.36,1.79,6.7841,4.4,1.47,N/A,0.73,0.98,1.23,1.48,1.67,N/A,2.36,N/A,N/A,4.4,1.31,N/A,5.78,6,4,2,0,4,14,0,6,6,0,2,770,11.1,3683.15,5933.15,5828.15,0.015,,,19.3,0.13,35.4,824,849,174,,4.50E-06,8.9,311,4.593,1.319,79,310,161,411,3430,2570,-40.395,-15283.44882,15277.84931,6141.634533,-36404.0875,-298.84516,-15283.52687,15277.94142,6142.349943,-36404.87749,-298.940751,-16125.40843,18103.44755,6317.991142,-40262.78378,-284.063342,-16102.49541,17682.38777,6298.01638,-39799.8338,-283.065753,Body-centered Cubic,229,1.570796327,1.570796327,1.570796327,316.52,316.52,316.52,5.00E-08,,20000000,,,,,Nonradioactive,,,18.4,0.0036,7.864
Rhenium,Re,75,186.207,6,7,4,Metal,2,188,137,m,137,159,77,205,63,2.68,151,,1.35,131,0.77,1.9,2.06,7.004,4.02,1.6,N/A,N/A,N/A,N/A,N/A,N/A,N/A,2.83,N/A,N/A,4.02,1.35,N/A,5.78,7,5,2,0,5,14,0,6,5,0,2,760,9.7,3453.15,5873.15,,1.7,,,21,0.13,33.2,715,770,47.9,,6.20E-06,8.03,334,4.564,1.326,14,370,178,463,2450,1320,-8.03,-15780.23602,15774.54396,6337.535878,-37586.72292,-305.592936,-15780.36014,15774.68919,6338.503935,-37587.8115,-305.741761,-16675.63441,18790.42164,6524.706419,-41700.55849,-290.203987,-16650.57761,18337.33642,6503.419447,-41202.16148,-289.17199,Simple Hexagonal,194,1.570796327,1.570796327,2.094395102,276.1,276.1,445.6,1.80E-07,,5600000,,,,,Nonradioactive,,,90,0.016,7.8335
Osmium,Os,76,190.23,6,8,4,Metal,2,185,135,m,135,128,77,200,63,2.65,144,,1.3,126.6,0.77,2.2,1.85,7.2335,4.9,1.65,N/A,N/A,N/A,N/A,N/A,N/A,N/A,2.78,N/A,N/A,4.9,1.39,N/A,5.78,8,5,2,0,6,14,0,6,4,0,2,839,8.5,3318.15,5303.15,5285.15,0.66,,,22.6,0.13,31.8,746,791,87.6,,5.10E-06,8.17,373,5.648,1.265,106,,222,,4137.063913,3920,-53.925,-16286.29541,16280.51003,6537.173416,-38791.57439,-312.404466,-16286.37549,16280.60289,6537.708331,-38792.18771,-312.498998,-17237.89143,19497.65452,6735.59087,-43174.7488,-296.388014,-17210.51681,19010.36544,6712.918147,-42638.47865,-295.321749,Simple Hexagonal,194,1.570796327,1.570796327,2.094395102,273.44,273.44,431.73,8.00E-08,8.10E-08,12000000,,,,,Nonradioactive,,,15,0.0023,8.4382
Iridium,Ir,77,192.22,6,9,4,Metal,2,180,136,m,136,137,82,200,68,2.628,141,,1.35,122.7,0.77,2.2,1.87,7.4345,5.4,1.68,N/A,N/A,N/A,N/A,N/A,N/A,N/A,2.2,N/A,N/A,5.4,1.43,N/A,5.78,9,4,2,0,7,14,0,6,3,0,2,878,7.6,2683.15,4403.15,4701.15,0.11,,,22.4,0.13,26.1,604,665,147,,6.40E-06,6.94,371,4.908,1.234,151,320,210,528,1760,1670,-76.435,-16801.67747,16795.79805,6740.648988,-40018.84238,-319.282128,-16801.72286,16795.85029,6740.917855,-40019.15593,-319.335079,-17812.34794,20225.77939,6950.774432,-44686.28414,-302.617619,-17782.46908,19701.96819,6926.638444,-44109.55837,-301.51734,Face-centered Cubic,225,1.570796327,1.570796327,1.570796327,383.9,383.9,383.9,4.70E-08,,21000000,,,,,Nonradioactive,,,425,0.081,8.967
Platinum,Pt,78,195.08,6,10,4,Metal,2,177,139,m,139,128,94,175,80,2.7,136,,1.35,122.1,0.74,2.28,1.91,7.7208,5.6,1.72,N/A,N/A,N/A,N/A,N/A,N/A,N/A,2.28,N/A,N/A,5.6,1.49,N/A,5.78,10,3,1,0,9,14,1,6,1,0,1,868,6.5,2045.15,4100.15,,,,,21.4,0.13,19.6,510,565,71.6,,8.90E-06,5.84,276,4.883,1.241,205,230,61,168,549,392,-103.455,-17326.57638,17320.59285,6958.348706,-41279.08998,-326.42795,-17326.59011,17320.60971,6958.546347,-41279.30103,-326.445135,-18399.2158,20975.23953,7178.033836,-46243.44406,-309.045109,-18366.6324,20412.55915,7152.388812,-45623.66805,-307.912303,Face-centered Cubic,225,1.570796327,1.570796327,1.570796327,392.42,392.42,392.42,1.10E-07,,9400000,,,,,Nonradioactive,,,10,0.002,8.9588
Gold,Au,79,196.96654,6,11,4,Metal,2,174,144,m,143,144,151,166,137,2.66,136,,1.35,118.7,1.51,2.54,1.19,7.9791,5.77,1.92,N/A,N/A,N/A,N/A,N/A,N/A,N/A,2.54,N/A,N/A,5.77,1.53,N/A,5.44,11,2,1,0,10,14,1,6,0,0,1,890,6.1,1337.15,3353.15,3129.15,,,,19.3,0.128,12.55,334.4,366,317,,1.42E-05,3.81,171,4.938,1.227,223,220,27,78,216,2450,-112.095,-17860.79094,17854.71137,7170.546095,-42552.58722,-333.461185,-17860.79657,17854.71879,7170.660357,-42552.70663,-333.469086,-18998.62471,21747.19306,7402.763425,-47833.19664,-315.384552,-18963.12361,21142.90506,7375.492666,-47167.30258,-314.218763,Face-centered Cubic,225,1.570796327,1.570796327,1.570796327,407.82,407.82,407.82,2.20E-08,,45000000,,,,,Nonradioactive,,,98.7,0.017,9.2255
Mercury,Hg,80,200.59,6,12,4,Metal,2,171,151,m,152,149,133,155,119,2.41,132,,1.5,112.6,0.83,2,1.49,8.2469,4.91,1.76,2.195,N/A,N/A,N/A,N/A,N/A,N/A,2,N/A,N/A,4.91,1.54,N/A,4.44,12,1,2,0,10,14,0,6,0,0,2,1007,5.4,234.25,630.15,,4.154,,,13.5,0.139,2.295,59.229,61,8.34,,1.81E-04,0.67,38.2,4.04,1.506,-50,25,,,,,24.255,-18404.27422,18398.10839,7374.994996,-43837.04718,-340.330424,-18404.27422,18398.10839,7374.994996,-43837.04718,-340.330424,-19610.68576,22542.37946,7623.259953,-49454.7304,-321.594778,-19572.03928,21893.54302,7594.228549,-48739.41551,-320.39534,Simple Trigonal,166,1.23081,1.23081,1.23081,300.5,300.5,300.5,9.60E-07,,1000000,,,1750,172,Nonradioactive,,,374,0.063,10.4375
Thallium,Tl,81,204.3833,6,13,5,Metal,1,156,170,m,172,148,164,196,150,2.235,145,,1.9,131.9,1.03,1.62,1.69,4.6618,3.2,1.789,0.99,N/A,2.246,N/A,N/A,N/A,N/A,2.04,N/A,N/A,3.2,1.59,N/A,3.44,3,3,2,1,10,14,0,5,0,0,3,589,7.6,576.15,1730.15,1746.15,2.38,,,11.9,0.13,4.142,164.1,182,46.1,,2.99E-05,1.88,28.5,4.07,1.506,36,43,2.8,8,,26.4,-18.845,-18956.95763,18950.71039,7576.942724,-45137.45422,-347.156518,-18956.9621,18950.71627,7577.062261,-45137.57778,-347.162855,-20235.32193,23360.92935,7840.22807,-51108.76714,-327.71222,-20193.2818,22664.59241,7809.187848,-50340.58461,-326.477452,Simple Hexagonal,194,1.570796327,1.570796327,2.094395102,345.66,345.66,552.48,1.50E-07,,6700000,,,,,Nonradioactive,,,3.4,0.00059,6.1082
Lead,Pb,82,207.2,6,14,5,Metal,1,154,175,m,174,147,133,202,119,2.09,146,,1.8,121.5,1.49,1.87,1.92,4.7404,3.9,1.854,N/A,1.92,N/A,2.291,N/A,N/A,N/A,2.33,N/A,N/A,3.9,1.76,N/A,2.44,4,4,2,2,10,14,0,4,0,0,4,716,6.8,600.65,2013.15,,7.2,,,11.4,0.13,4.799,177.7,196,35.3,,2.89E-05,2.03,45.8,4.426,1.368,34,46,5.6,16,,38.3,-17.96,-19518.99315,19512.66268,7781.994459,-46459.62774,-354.022546,-19519.01077,19512.68529,7782.343079,-46459.99313,-354.046015,-20872.8871,24203.98226,8060.985186,-52804.00462,-333.849926,-20827.18865,23456.92159,8027.843592,-51979.37309,-332.580738,Face-centered Cubic,225,1.570796327,1.570796327,1.570796327,495.08,495.08,495.08,2.10E-07,,4800000,,,,,Nonradioactive,,,0.171,0.00003,7.4167
Bismuth,Bi,83,208.98037,6,15,5,Metal,1,143,146,v,162,146,117,230,103,1.997,148,,1.6,129.5,1.17,2.02,2.14,4.8288,4.69,2.01,2.342,N/A,N/A,N/A,N/A,N/A,N/A,2.02,N/A,N/A,4.69,1.83,N/A,3,5,5,2,3,10,14,0,3,0,0,5,703,7.4,544.15,1833.15,,,,,9.75,0.12,11.3,104.8,207,7.87,,1.34E-05,2.18,31.5,4.389,1.368,91,31,12,32,,94.2,-46.57,-20090.41445,20083.99952,7989.999458,-47803.48411,-360.929324,-20090.45394,20084.0493,7990.617697,-47804.14116,-360.979787,-21523.5689,25072.41118,8285.370514,-54541.34384,-340.006762,-21473.92878,24271.18807,8250.008963,-53656.42179,-338.704027,Base-centered Monoclinic,12,1.570796327,1.925622,1.570796327,667.4,611.7,330.4,1.30E-06,,770000,,,,,Nonradioactive,6.00E+26,8.70E+26,0.034,0.000006,7.2855
Polonium,Po,84,209,6,16,,,,135,N/A,,,140,,197,,1.9,140,,,121.2,,2,,,,,N/A,N/A,N/A,N/A,N/A,N/A,N/A,N/A,N/A,N/A,N/A,1.96,N/A,,,,,,,,,,,,,,,527.15,1235.15,,,,,9.196,,,,,N/A,,,,,,,183.3,,,,,,,-20671.25654,20664.75611,8200.970142,-49169.10374,-367.879049,-20671.27386,20664.77751,8201.187198,-49169.33808,-367.900477,-22187.56396,25967.14631,8513.424952,-56321.95118,-346.184043,-22133.67878,25108.08974,8475.713236,-55372.63293,-344.848825,Simple Cubic,221,1.570796327,1.570796327,1.570796327,335.9,335.9,335.9,4.30E-07,,2300000,,,,,Radioactive,3220000000,4640000000,0.5,,8.414
Astatine,At,85,210,6,17,,,,127,N/A,,,150,,202,,1.83,150,,,114.6,,2.2,,,,,N/A,N/A,N/A,N/A,N/A,N/A,N/A,N/A,N/A,N/A,N/A,2.12,N/A,,,,,,,,,,,,,,,575.15,N/A,,,,,N/A,,,,,2,,,,,,,270.1,,,,,,,-21261.55522,21254.96835,8414.956548,-50556.60634,-374.873771,-21261.55951,21254.97359,8415.002026,-50556.65615,-374.878969,-22865.0774,26889.17826,8745.233662,-58147.10622,-352.383112,-22806.62236,25968.36701,8705.03252,-57129.00518,-351.016713,N/A,,,,,,,,N/A,,,,,,,Radioactive,29000,42000,,,N/A
Radon,Rn,86,222,6,18,,,,120,145,v,,145,,220,,0,150,,,109,,N/A,,,,,N/A,N/A,N/A,N/A,N/A,N/A,N/A,N/A,N/A,N/A,N/A,2.27,N/A,,,,,,,,,,,,,,,202.15,211.45,,,,,9.73,,,,,0.00361,,,,,,,N/A,,,,,,,-21861.34687,21854.6727,8632.016039,-51966.12038,-381.915225,-21861.34687,21854.6727,8632.016039,-51966.12038,-381.915225,-23556.32309,27839.56279,8980.890066,-60018.17094,-358.605001,-23492.95047,26852.80612,8938.05153,-58926.59914,-357.208986,N/A,,,,,,,,N/A,,,1.67,,377,6.28,Radioactive,330350,476590,0.7,,10.7485
Francium,Fr,87,223,7,1,,,,N/A,N/A,,,260,,348,,4.37,260,,,244.7,,0.7,,,,,N/A,N/A,N/A,N/A,N/A,N/A,N/A,N/A,N/A,N/A,N/A,0.82,N/A,,,,,,,,,,,,,,,N/A,N/A,,,,,N/A,,,,,,,,,,,,N/A,,,,,,,-22470.31966,22463.57381,8837.303934,-53382.42581,-388.771593,-22470.32352,22463.57949,8837.453898,-53382.57968,-388.777231,-24261.18128,28819.09701,9206.355254,-61922.00499,-364.628547,-24192.53044,27761.95472,9160.816665,-60752.09681,-363.205023,N/A,,,,,,,,N/A,,,,,,,Radioactive,1300,1900,,,4.0727
Radium,Ra,88,226,7,2,,,,N/A,N/A,,,221,,283,,3.53,221,,,204.2,,0.9,,,,,N/A,N/A,N/A,N/A,N/A,N/A,N/A,N/A,N/A,N/A,N/A,0.99,N/A,,,,,,,,,,,,,,,973.15,2010.15,,,,,5,,,,,19,,,,,,,N/A,,,,,,,-23088.68808,23081.86753,9045.587062,-54820.47465,-395.668023,-23088.68808,23081.86753,9045.587062,-54820.47465,-395.668023,-24980.0622,29829.16051,9435.543436,-63874.10055,-370.665599,-24905.73972,28696.84813,9387.182637,-62620.55312,-369.217363,Body-centered Cubic,229,1.570796327,1.570796327,1.570796327,514.8,514.8,514.8,1.00E-06,,1000000,,,,,Radioactive,50000000000,73000000000,13,,5.2784
Actinium,Ac,89,227,7,,,,,N/A,N/A,,,215,,N/A,,3.12,215,,,189.5,,1.1,,,,,N/A,N/A,N/A,N/A,N/A,N/A,N/A,N/A,N/A,N/A,N/A,1.03,N/A,,,,,,,,,,,,,,,1323.15,3473.15,,,,,10.07,,,,,12,,,,,,,N/A,,,,,,,-23716.49695,23709.59435,9262.611883,-56286.01651,-402.686674,-23716.50066,23709.59901,9262.673529,-56286.0817,-402.691495,-25713.13632,30870.78484,9671.364432,-65878.52954,-376.756059,-25632.72155,29658.26893,9620.065389,-64535.76894,-375.286929,Face-centered Cubic,225,1.570796327,1.570796327,1.570796327,567,567,567,N/A,,,,,,,Radioactive,687060000,991210000,880,0.078,5.17
Thorium,Th,90,232.0381,7,3,3,1,2,180,179,m,178,206,108,240,94,4.98,206,,1.8,178.8,1.19,1.3,1.3,2.8784,3.2,1.11,N/A,N/A,N/A,N/A,N/A,N/A,N/A,N/A,N/A,N/A,N/A,1.03,N/A,4,2,2,2,0,2,0,0,6,8,14,2,587,32.1,2023.15,5063.15,5093.15,1.38,,,11.7,0.12,16.1,514.4,576,54,,1.10E-05,6.2,54,4.679,1.762,113,54,31,79,350,400,-57.15,-24353.83223,24346.84566,9483.654939,-57774.56758,-409.765243,-24353.84736,24346.86436,9483.843618,-57774.7713,-409.784042,-26460.74264,31945.51024,9912.388894,-67935.76065,-382.881127,-26373.78595,30647.3598,9857.992062,-66497.74348,-381.394331,Face-centered Cubic,225,1.570796327,1.570796327,1.570796327,508.42,508.42,508.42,1.50E-07,,6700000,,,,,Radioactive,4.43E+17,6.40E+17,7.4,0.001,6.3067
Protactinium,Pa,91,231.03588,7,,,,,180,163,m,163,200,,N/A,,4.96,200,,,180.4,,1.5,,,,,N/A,N/A,N/A,N/A,N/A,N/A,N/A,N/A,N/A,N/A,N/A,1.08,N/A,,,,,,,,,,,,,,,1845.15,4273,,1.41,,,15.37,,,,,47,,,,,,,N/A,,,,,,,-25001.29138,24994.2006,9743.171707,-59321.16943,-417.494259,-25001.32024,24994.23362,9743.477704,-59321.50273,-417.528831,-27223.30304,33054.1526,10187.10812,-70075.04254,-389.521218,-27129.33842,31664.96065,10129.72604,-68535.99944,-388.025659,Centered Tetragonal,139,1.570796327,1.570796327,1.570796327,392.5,392.5,323.8,1.80E-07,,5600000,,,,,Radioactive,1.03E+12,1.49E+12,200,,5.89
Uranium,U,92,238.0289,7,3,3,1,3,175,156,m,158,196,116.5,186,102.5,4.72,196,,1.75,177.5,0.87,1.38,1.7,3.3168,3.4,1.22,N/A,N/A,N/A,N/A,N/A,N/A,N/A,1.38,N/A,N/A,N/A,1.06,N/A,5.78,3,3,2,0,1,3,0,6,9,11,2,598,27.4,1405.15,4091.15,4200.15,0.69,,,19,0.12,14,477,490,27.6,,1.39E-05,5.55,97.9,4.721,1.746,51,100,111,208,1960,2400,-26.35,-25658.41789,25651.23118,9991.594178,-60876.21062,-425.032628,-25658.47452,25651.29511,9992.121719,-60876.79173,-425.099623,-28001.13233,34199.39228,10455.16425,-72259.68471,-396.004144,-27899.64166,32712.79465,10394.44814,-70612.38389,-394.500555,Base Orthorhombic,63,1.570796327,1.570796327,1.570796327,285.37,586.95,495.48,2.80E-07,,3600000,,,,,Radioactive,1.41E+17,2.03E+17,7.57,0.0005,6.1941
Neptunium,Np,93,237,7,,,,,175,155,m,155,190,,N/A,,4.93,190,,,174.1,,1.36,,,,,N/A,N/A,N/A,N/A,N/A,N/A,N/A,1.36,N/A,N/A,N/A,1.09,N/A,,,,,,,,,,,,,,,917.15,4273.15,,,,,20.45,,,,,6,,,,,,,N/A,,,,,,,,,,,,,,,,,,,,,,,,,,,Simple Orthorhombic,62,1.570796327,1.570796327,1.570796327,666.3,472.3,488.7,1.20E-06,,830000,,,,,Radioactive,6.77E+13,9.76E+13,180,,6.2657
Plutonium,Pu,94,244,7,,,,,175,159,m,159,187,,N/A,,4.91,187,,,178.4,,1.28,,,,,N/A,N/A,N/A,N/A,N/A,N/A,N/A,1.28,N/A,N/A,N/A,1.09,N/A,,,,,,,,,,,,,,,913.15,3503.15,,,,,19.816,,,,0,6,,,,,,,N/A,,43,96,,,,,,,,,,,,,,,,,,,,,,,,Simple Monoclinic,11,1.570796327,1.776571,1.570796327,618.3,482.2,1096.3,1.50E-06,,670000,,,,,Radioactive,2.50E+15,3.60E+15,1.7,,6.026
Americium,Am,95,243,7,,,,,175,173,m,173,180,,N/A,,4.89,180,,,175.7,,1.3,,,,,N/A,N/A,N/A,N/A,N/A,N/A,N/A,N/A,N/A,N/A,N/A,1.1,N/A,,,,,,,,,,,,,,,1449.15,2284.15,,0.6,,,N/A,,,,,10,,,,,,,N/A,,,,,,,,,,,,,,,,,,,,,,,,,,,Simple Hexagonal,194,1.570796327,1.570796327,2.094395102,346.81,346.81,1124.1,N/A,,,,,,,Radioactive,2.33E+11,3.36E+11,74,,5.9738
Curium,Cm,96,247,7,,,,,N/A,174,m,174,169,,N/A,,N/A,169,,,165.7,,1.3,,,,,N/A,N/A,N/A,N/A,N/A,N/A,N/A,N/A,N/A,N/A,N/A,1.11,N/A,,,,,,,,,,,,,,,1618.15,3383.15,,,,,13.51,,,,,N/A,,,,,,,N/A,,,,,,,,,,,,,,,,,,,,,,,,,,,Simple Hexagonal,194,1.570796327,1.570796327,2.094395102,349.6,349.6,1133.1,N/A,,,,,,,Radioactive,4.92E+14,7.10E+14,60,,5.9914
Berkelium,Bk,97,247,7,,,,,N/A,170,m,170,N/A,,N/A,,N/A,N/A,,,162.6,,1.3,,,,,N/A,N/A,N/A,N/A,N/A,N/A,N/A,N/A,N/A,N/A,N/A,1.11,N/A,,,,,,,,,,,,,,,1323.15,N/A,,,,,14.78,,,,,10,,,,,,,N/A,,,,,,,,,,,,,,,,,,,,,,,,,,,Simple Hexagonal,194,1.570796327,1.570796327,2.094395102,341.6,341.6,1106.9,N/A,,,,,,,Radioactive,43500000000,62800000000,710,,6.1979
Californium,Cf,98,251,7,,,,,N/A,N/A,N/A,N/A,N/A,,N/A,,N/A,N/A,,,159.8,,1.3,,,,,N/A,N/A,N/A,N/A,N/A,N/A,N/A,N/A,N/A,N/A,N/A,1.13,N/A,,,,,,,,,,,,,,,1173.15,N/A,,,,,15.1,,,,,N/A,,,,,,,N/A,,,,,,,,,,,,,,,,,,,,,,,,,,,Simple Hexagonal,,1.570796327,1.570796327,2.094395102,338,338,1102.5,N/A,,,,,,,Radioactive,28400000000,41000000000,2.90E+03,,6.2817
Einsteinium,Es,99,252,7,,,,,N/A,N/A,N/A,N/A,N/A,,N/A,,N/A,N/A,,,157.6,,1.3,,,,,N/A,N/A,N/A,N/A,N/A,N/A,N/A,N/A,N/A,N/A,N/A,1.14,N/A,,,,,,,,,,,,,,,1133.15,N/A,,,,,N/A,,,,,N/A,,,,,,,N/A,,,,,,,,,,,,,,,,,,,,,,,,,,,N/A,,,,,,,,N/A,,,,,,,Radioactive,40750000,58800000,160,,6.42
Fermium,Fm,100,257,7,,,,,N/A,N/A,N/A,N/A,N/A,,N/A,,N/A,N/A,,,155.7,,1.3,,,,,N/A,N/A,N/A,N/A,N/A,N/A,N/A,N/A,N/A,N/A,N/A,1.1,N/A,,,,,,,,,,,,,,,1800.15,N/A,,,,,N/A,,,,,N/A,,,,,,,N/A,,,,,,,,,,,,,,,,,,,,,,,,,,,N/A,,,,,,,,N/A,,,,,,,Radioactive,8683000,12530000,5.80E+03,,6.5
Mendelevium,Md,101,258,7,,,,,N/A,N/A,N/A,N/A,N/A,,N/A,,N/A,N/A,,,152.7,,1.3,,,,,N/A,N/A,N/A,N/A,N/A,N/A,N/A,N/A,N/A,N/A,N/A,1.17,N/A,,,,,,,,,,,,,,,1100.15,N/A,,,,,N/A,,,,,N/A,,,,,,,N/A,,,,,,,,,,,,,,,,,,,,,,,,,,,N/A,,,,,,,,N/A,,,,,,,Radioactive,4450000,6420000,,,6.58
Nobelium,No,102,259,7,,,,,N/A,N/A,N/A,N/A,N/A,,N/A,,N/A,N/A,,,158.1,,1.3,,,,,N/A,N/A,N/A,N/A,N/A,N/A,N/A,N/A,N/A,N/A,N/A,1.18,N/A,,,,,,,,,,,,,,,1100.15,N/A,,,,,N/A,,,,,N/A,,,,,,,N/A,,,,,,,,,,,,,,,,,,,,,,,,,,,N/A,,,,,,,,N/A,,,,,,,Radioactive,10000,20000,,,6.65
Lawrencium,Lr,103,262,7,3,,,,N/A,N/A,N/A,N/A,N/A,,N/A,,N/A,N/A,,,N/A,,N/A,,,,,N/A,N/A,N/A,N/A,N/A,N/A,N/A,N/A,N/A,N/A,N/A,N/A,N/A,,,,,,,,,,,,,,,1900.15,N/A,,,,,N/A,,,,,N/A,,,,,,,N/A,,,,,,,,,,,,,,,,,,,,,,,,,,,N/A,,,,,,,,N/A,,,,,,,Radioactive,36000,52000,,,4.9
Rutherfordium,Rf,104,267,7,4,,,,N/A,N/A,N/A,N/A,N/A,,N/A,,N/A,N/A,,,N/A,,N/A,,,,,N/A,N/A,N/A,N/A,N/A,N/A,N/A,N/A,N/A,N/A,N/A,N/A,N/A,,,,,,,,,,,,,,,N/A,N/A,,,,,N/A,,,,,N/A,,,,,,,N/A,,,,,,,,,,,,,,,,,,,,,,,,,,,N/A,,,,,,,,N/A,,,,,,,Radioactive,47000,68000,,,6
Dubnium,Db,105,270,7,5,,,,N/A,N/A,N/A,N/A,N/A,,N/A,,N/A,N/A,,,N/A,,N/A,,,,,N/A,N/A,N/A,N/A,N/A,N/A,N/A,N/A,N/A,N/A,N/A,N/A,N/A,,,,,,,,,,,,,,,N/A,N/A,,,,,N/A,,,,,N/A,,,,,,,N/A,,,,,,,,,,,,,,,,,,,,,,,,,,,N/A,,,,,,,,N/A,,,,,,,Radioactive,20000,30000,,,N/A
Seaborgium,Sg,106,269,7,6,,,,N/A,N/A,N/A,N/A,N/A,,N/A,,N/A,N/A,,,N/A,,N/A,,,,,N/A,N/A,N/A,N/A,N/A,N/A,N/A,N/A,N/A,N/A,N/A,N/A,N/A,,,,,,,,,,,,,,,N/A,N/A,,,,,N/A,,,,,N/A,,,,,,,N/A,,,,,,,,,,,,,,,,,,,,,,,,,,,N/A,,,,,,,,N/A,,,,,,,Radioactive,7000,10000,,,N/A
Bohrium,Bh,107,270,7,7,,,,N/A,N/A,N/A,N/A,N/A,,N/A,,N/A,N/A,,,N/A,,N/A,,,,,N/A,N/A,N/A,N/A,N/A,N/A,N/A,N/A,N/A,N/A,N/A,N/A,N/A,,,,,,,,,,,,,,,N/A,N/A,,,,,N/A,,,,,N/A,,,,,,,N/A,,,,,,,,,,,,,,,,,,,,,,,,,,,N/A,,,,,,,,N/A,,,,,,,Radioactive,5400,7800,,,N/A
Hassium,Hs,108,270,7,8,,,,N/A,N/A,N/A,N/A,N/A,,N/A,,N/A,N/A,,,N/A,,N/A,,,,,N/A,N/A,N/A,N/A,N/A,N/A,N/A,N/A,N/A,N/A,N/A,N/A,N/A,,,,,,,,,,,,,,,N/A,N/A,,,,,N/A,,,,,N/A,,,,,,,N/A,,,,,,,,,,,,,,,,,,,,,,,,,,,N/A,,,,,,,,N/A,,,,,,,Radioactive,4000,5000,,,N/A
Meitnerium,Mt,109,278,7,9,,,,N/A,N/A,N/A,N/A,N/A,,N/A,,N/A,N/A,,,N/A,,N/A,,,,,N/A,N/A,N/A,N/A,N/A,N/A,N/A,N/A,N/A,N/A,N/A,N/A,N/A,,,,,,,,,,,,,,,N/A,N/A,,,,,N/A,,,,,N/A,,,,,,,N/A,,,,,,,,,,,,,,,,,,,,,,,,,,,N/A,,,,,,,,N/A,,,,,,,Radioactive,1800,2600,,,N/A
Darmstadtium,Ds,110,281,7,10,,,,N/A,N/A,N/A,N/A,N/A,,N/A,,N/A,N/A,,,N/A,,N/A,,,,,N/A,N/A,N/A,N/A,N/A,N/A,N/A,N/A,N/A,N/A,N/A,N/A,N/A,,,,,,,,,,,,,,,N/A,N/A,,,,,N/A,,,,,N/A,,,,,,,N/A,,,,,,,,,,,,,,,,,,,,,,,,,,,N/A,,,,,,,,N/A,,,,,,,Radioactive,240,350,,,N/A
Roentgenium,Rg,111,281,7,11,,,,N/A,N/A,N/A,N/A,N/A,,N/A,,N/A,N/A,,,N/A,,N/A,,,,,N/A,N/A,N/A,N/A,N/A,N/A,N/A,N/A,N/A,N/A,N/A,N/A,N/A,,,,,,,,,,,,,,,N/A,N/A,,,,,N/A,,,,,N/A,,,,,,,N/A,,,,,,,,,,,,,,,,,,,,,,,,,,,N/A,,,,,,,,N/A,,,,,,,Radioactive,600,870,,,N/A
Copernicium,Cn,112,285,7,12,,,,N/A,N/A,N/A,N/A,N/A,,N/A,,N/A,N/A,,,N/A,,N/A,,,,,N/A,N/A,N/A,N/A,N/A,N/A,N/A,N/A,N/A,N/A,N/A,N/A,N/A,,,,,,,,,,,,,,,N/A,N/A,,,,,N/A,,,,,N/A,,,,,,,N/A,,,,,,,,,,,,,,,,,,,,,,,,,,,N/A,,,,,,,,N/A,,,,,,,Radioactive,2400,3500,,,N/A
Nihonium,Nh,113,286,7,13,,,,N/A,N/A,N/A,N/A,N/A,,N/A,,N/A,N/A,,,N/A,,N/A,,,,,N/A,N/A,N/A,N/A,N/A,N/A,N/A,N/A,N/A,N/A,N/A,N/A,N/A,,,,,,,,,,,,,,,N/A,N/A,,,,,N/A,,,,,N/A,,,,,,,N/A,,,,,,,,,,,,,,,,,,,,,,,,,,,N/A,,,,,,,,N/A,,,,,,,Radioactive,1200,1700,,,N/A
Flerovium,Fl,114,289,7,14,,,,N/A,N/A,N/A,N/A,N/A,,N/A,,N/A,N/A,,,N/A,,N/A,,,,,N/A,N/A,N/A,N/A,N/A,N/A,N/A,N/A,N/A,N/A,N/A,N/A,N/A,,,,,,,,,,,,,,,N/A,N/A,,,,,N/A,,,,,N/A,,,,,,,N/A,,,,,,,,,,,,,,,,,,,,,,,,,,,N/A,,,,,,,,N/A,,,,,,,Radioactive,79,120,,,N/A
Moscovium,Mc,115,289,7,15,,,,N/A,N/A,N/A,N/A,N/A,,N/A,,N/A,N/A,,,N/A,,N/A,,,,,N/A,N/A,N/A,N/A,N/A,N/A,N/A,N/A,N/A,N/A,N/A,N/A,N/A,,,,,,,,,,,,,,,N/A,N/A,,,,,N/A,,,,,N/A,,,,,,,N/A,,,,,,,,,,,,,,,,,,,,,,,,,,,N/A,,,,,,,,N/A,,,,,,,Radioactive,60,90,,,N/A
Livermorium,Lv,116,293,7,16,,,,N/A,N/A,N/A,N/A,N/A,,N/A,,N/A,N/A,,,N/A,,N/A,,,,,N/A,N/A,N/A,N/A,N/A,N/A,N/A,N/A,N/A,N/A,N/A,N/A,N/A,,,,,,,,,,,,,,,N/A,N/A,,,,,N/A,,,,,N/A,,,,,,,N/A,,,,,,,,,,,,,,,,,,,,,,,,,,,N/A,,,,,,,,N/A,,,,,,,Radioactive,0.12,0.173,,,N/A
Tennessine,Ts,117,293,7,17,,,,N/A,N/A,N/A,N/A,N/A,,N/A,,N/A,N/A,,,N/A,,N/A,,,,,N/A,N/A,N/A,N/A,N/A,N/A,N/A,N/A,N/A,N/A,N/A,N/A,N/A,,,,,,,,,,,,,,,N/A,N/A,,,,,N/A,,,,,N/A,,,,,,,N/A,,,,,,,,,,,,,,,,,,,,,,,,,,,N/A,,,,,,,,N/A,,,,,,,Radioactive,0.05,0.072,,,N/A
Oganesson,Og,118,294,7,18,,,,N/A,N/A,N/A,N/A,N/A,,N/A,,N/A,N/A,,,N/A,,N/A,,,,,N/A,N/A,N/A,N/A,N/A,N/A,N/A,N/A,N/A,N/A,N/A,N/A,N/A,,,,,,,,,,,,,,,N/A,N/A,,,,,N/A,,,,,N/A,,,,,,,N/A,,,,,,,,,,,,,,,,,,,,,,,,,,,N/A,,,,,,,,N/A,,,,,,,Radioactive,0.005,0.007,,,N/A
