Element,Valence,CN,Polarizability
H,1,1,0.032775734
H,1,2,0.049804541
Li,1,1,1.947257729
Li,1,2,1.766910002
Li,1,3,1.53939355
Li,1,4,1.289970634
Li,1,5,1.23291435
Li,1,6,1.194161026
Li,1,7,1.155240877
Li,1,8,1.201858147
Li,1,9,1.294778794
Li,1,10,1.49179063
Li,1,12,2.261956544
Be,2,3,0.282102363
Be,2,4,0.356941247
Be,2,5,0.387654693
Be,2,6,0.419190061
B,3,3,0.164787008
B,3,4,0.200392155
B,3,5,0.208987707
B,3,6,0.221220065
C,3,2,0.286749989
C,4,3,0.401698975
C,3,3,0.269734728
C,2,1,0.463082755
C,4,4,0.431136721
C,2,2,0.430317264
C,4,6,0.179435573
N,5,6,0.251780529
N,3,6,0.116624183
N,-3,4,1.670150355
O,-2,1,2.612742731
O,-2,2,2.322300602
O,-2,3,2.054143843
O,-2,4,1.825911138
O,-2,5,1.686718106
O,-2,6,1.624744661
O,-2,8,1.7829566
F,7,6,0.539954036
F,-1,2,3.095724717
F,-1,3,2.649813055
F,-1,4,2.287448323
F,-1,6,1.863419865
Na,1,1,6.960098644
Na,1,2,6.248721626
Na,1,3,5.240532215
Na,1,4,4.324975004
Na,1,5,3.289447633
Na,1,6,2.593022298
Na,1,7,2.52232318
Na,1,8,2.452728892
Na,1,9,2.58878756
Na,1,10,2.904605202
Na,1,11,3.412623646
Na,1,12,4.094398312
Mg,2,3,1.905403633
Mg,2,4,1.957141505
Mg,2,5,1.895937437
Mg,2,6,1.602570689
Mg,2,7,1.547922696
Mg,2,8,1.531128071
Mg,2,9,1.536009641
Al,3,3,1.248731381
Al,3,4,1.252720247
Al,3,5,1.28292998
Al,3,6,1.061961508
Al,3,7,0.983474132
Si,4,4,0.955389701
Si,4,5,0.904813745
Si,4,6,0.80875059
Si,4,8,0.627365457
P,5,4,0.915869656
P,4,4,0.807286524
P,3,3,0.971012952
P,5,5,1.153314344
P,5,6,1.145503253
P,3,6,0.651748358
S,6,4,1.115256199
S,4,2,0.974737956
S,4,3,0.979948236
S,6,6,1.08175509
S,3,3,1.520965309
S,5,6,1.007429421
S,4,6,0.691665283
S,2,1,3.85484837
S,2,2,3.562656894
S,2,3,3.110001257
S,2,4,2.579105981
S,-2,6,1.469912745
Cl,7,4,1.393294557
Cl,5,3,1.066515863
Cl,4,2,1.568736995
Cl,7,6,1.428995425
Cl,1,1,8.329171532
Cl,1,2,7.29363521
Cl,-1,6,1.734022306
K,1,2,7.200970265
K,1,3,6.004736794
K,1,4,5.054287512
K,1,6,4.006818087
K,1,5,4.427876198
K,1,7,3.914054686
K,1,8,4.082631566
K,1,9,4.498434552
K,1,10,5.182078125
K,1,11,5.918357685
K,1,12,6.841892631
K,1,13,7.771959411
Ca,2,2,6.421170727
Ca,2,3,6.122942331
Ca,2,4,5.442727135
Ca,2,5,4.658276839
Ca,2,6,3.986445462
Ca,2,7,3.447945969
Ca,2,8,3.170276051
Ca,2,9,3.126569139
Ca,2,10,3.204924345
Ca,2,11,3.519647078
Ca,2,12,3.968000362
Sc,3,5,3.118286245
Sc,3,6,2.833325158
Sc,3,7,2.335094967
Sc,3,8,2.055907449
Sc,2,6,3.293714216
Sc,3,9,1.953150486
Sc,3,10,1.934445695
Ti,4,2,2.342130314
Ti,4,3,2.549561061
Ti,4,4,2.518399106
Ti,4,5,2.490672623
Ti,4,6,2.401145952
Ti,3,5,2.585339754
Ti,3,6,2.083509189
Ti,2,4,3.733566514
Ti,4,8,1.710704312
Ti,3,7,1.97856078
Ti,2,5,3.175295137
Ti,4,9,1.448929749
Ti,4,10,1.289234268
Ti,2,6,2.7356254
V,5,2,2.174832906
V,4,1,2.035710191
V,4,2,2.364792687
V,5,3,2.560675002
V,4,3,2.599887097
V,5,4,2.778687416
V,4,4,2.674305944
V,3,3,2.807176491
V,5,5,2.97733704
V,3,4,2.53531641
V,4,5,2.75140847
V,5,6,2.646876134
V,3,5,2.173231293
V,4,6,2.136012847
V,5,8,1.453726217
V,3,6,1.8310566
V,4,8,1.564876746
V,2,6,2.176201694
Cr,6,4,2.490468584
Cr,5,4,2.635258151
Cr,6,5,2.549580936
Cr,3,2,2.776017012
Cr,4,4,2.399784999
Cr,5,5,2.440645331
Cr,6,6,2.328401517
Cr,4,5,2.20378359
Cr,5,6,2.07369797
Cr,3,4,2.399805963
Cr,4,6,1.850915381
Cr,5,8,1.096440119
Cr,2,3,3.369033255
Cr,3,6,1.64042228
Cr,2,4,2.905039018
Cr,3,7,1.458151487
Cr,2,5,2.384371585
Cr,2,6,1.753637942
Cr,2,7,1.899648998
Cr,3,9,1.439468797
Cr,3,10,1.539528353
Cr,2,8,1.939902927
Mn,6,4,2.425368165
Mn,5,4,2.432657723
Mn,4,4,2.162798247
Mn,7,6,3.334183424
Mn,4,5,2.206964286
Mn,3,4,2.633047701
Mn,2,2,3.543533152
Mn,4,6,1.680601385
Mn,3,5,2.223423464
Mn,3,6,1.399617808
Mn,2,3,3.467182968
Mn,2,4,3.010055488
Mn,2,6,1.388943702
Mn,3,7,1.467148202
Mn,2,5,2.803577532
Mn,3,8,1.460314505
Mn,2,7,2.219116903
Mn,2,8,2.008830344
Mn,2,9,2.191510187
Mn,3,12,1.916569535
Mn,2,10,2.468484228
Mn,2,12,3.238122735
Fe,5,4,2.369927097
Fe,4,4,2.590189415
Fe,3,3,2.731786407
Fe,2,2,2.946008149
Fe,3,4,2.28748355
Fe,4,5,2.333756313
Fe,3,6,1.21810829
Fe,2,3,2.937344888
Fe,1,2,2.763563429
Fe,3,5,2.227533702
Fe,4,6,2.189614934
Fe,2,6,1.082886959
Fe,2,4,2.691018288
Fe,2,5,1.895490883
Fe,3,7,1.322651078
Fe,3,8,1.437150929
Fe,2,7,1.483729699
Fe,2,8,1.759512954
Fe,2,9,1.982543727
Fe,2,10,2.291152098
Fe,2,12,3.043837848
Co,4,4,2.289362149
Co,3,3,2.334981981
Co,2,2,2.193571583
Co,4,5,2.021020618
Co,3,4,2.101255243
Co,1,2,2.087143932
Co,2,3,2.270166848
Co,3,5,1.737591975
Co,4,6,1.684907559
Co,3,6,1.193446428
Co,2,4,2.20736348
Co,2,6,1.288906608
Co,3,7,1.261946177
Co,2,5,2.104834039
Co,2,7,1.476606584
Co,2,8,1.644255557
Co,2,9,1.786767592
Ni,1,2,1.766702746
Ni,2,3,1.849749852
Ni,3,4,1.890705368
Ni,4,6,1.31705034
Ni,2,4,1.494702489
Ni,3,6,1.285766369
Ni,2,5,1.802562013
Ni,2,6,1.520549365
Ni,2,7,1.502838447
Ni,2,8,1.523168763
Ni,2,9,1.63910577
Cu,3,4,1.914953523
Cu,1,2,1.888438098
Cu,2,3,2.080725926
Cu,3,5,1.580458733
Cu,1,3,1.831989728
Cu,3,6,1.173262519
Cu,2,4,2.128787655
Cu,1,4,1.634817496
Cu,2,5,1.957078002
Cu,3,8,1.049549429
Cu,1,5,1.75036639
Cu,2,6,1.777701833
Cu,1,6,1.434142593
Cu,2,7,1.592423111
Cu,2,8,1.5428204
Cu,1,7,1.722464013
Cu,2,9,1.594917798
Cu,3,12,1.297603407
Cu,1,8,1.806122606
Cu,2,10,1.728743399
Cu,1,9,2.008995782
Cu,2,12,2.273023134
Cu,1,10,2.362135882
Zn,2,2,2.235940589
Zn,2,3,2.389607303
Zn,2,4,2.408863222
Zn,2,5,2.199528016
Zn,2,6,1.848989749
Zn,2,7,1.715550206
Zn,2,8,1.653949767
Zn,2,9,1.619648994
Ga,3,4,2.253486674
Ga,3,5,1.95916403
Ga,3,6,1.70057688
Ga,3,7,1.442765973
Ga,3,8,1.271807731
Ge,4,4,2.184625401
Ge,4,5,1.950553304
Ge,3,4,2.072123277
Ge,4,6,1.691361713
Ge,2,3,2.726077532
Ge,4,7,1.312994377
Ge,4,8,1.066194492
Ge,2,6,1.789941642
As,5,4,2.490293431
As,5,5,2.129321629
As,3,3,2.39312478
As,5,6,1.780829202
As,3,4,2.114492624
As,3,5,1.744518078
As,5,8,1.122570772
As,3,6,1.42804061
Se,6,3,2.66846212
Se,4,3,1.782506732
Se,6,4,2.707176377
Se,6,5,2.433876963
Se,4,4,1.799774105
Se,6,6,2.069788262
Se,4,5,1.725881793
Se,4,6,1.467316647
Se,2,1,4.467615534
Se,2,2,4.405367384
Se,4,7,1.515420385
Se,2,3,4.07499833
Se,4,8,1.438759265
Se,4,9,1.373095797
Se,2,8,2.265408553
Se,-2,6,1.751268117
Br,5,3,3.244761092
Br,7,6,2.362627127
Br,3,4,3.556675516
Br,5,6,3.882983422
Br,1,2,6.875010133
Br,-1,6,2.072103656
Rb,1,2,6.583582892
Rb,1,3,5.75145307
Rb,1,4,5.114889321
Rb,1,5,4.743071068
Rb,1,6,4.645957769
Rb,1,7,4.801017577
Rb,1,8,5.245172958
Rb,1,9,5.774637486
Rb,1,10,6.4972352
Rb,1,11,7.27335074
Rb,1,12,7.955660668
Rb,1,13,8.694637364
Rb,1,14,9.053705167
Sr,2,2,9.175634334
Sr,2,3,8.39247298
Sr,2,4,7.367854539
Sr,2,5,6.399565844
Sr,2,6,5.664325568
Sr,2,7,4.928210062
Sr,2,8,4.628704708
Sr,2,9,4.558397894
Sr,2,10,4.669686524
Sr,2,11,4.78720875
Sr,2,12,4.91114153
Y,3,3,6.941116154
Y,3,4,6.312862132
Y,3,5,5.470431174
Y,3,6,4.701563413
Y,3,7,3.971079907
Y,3,8,3.458528802
Y,2,6,4.668487078
Y,3,9,3.118338963
Y,3,10,2.893249353
Y,3,12,2.687591158
Zr,4,5,4.600739316
Zr,4,6,3.756683015
Zr,4,7,3.045980721
Zr,4,8,2.510022186
Zr,4,9,2.056999775
Zr,4,10,1.816629809
Nb,4,4,4.420241007
Nb,5,4,5.431475193
Nb,5,5,4.420245251
Nb,3,4,3.751062668
Nb,4,5,3.853054367
Nb,5,6,3.835331228
Nb,3,5,3.135164071
Nb,4,6,3.205315491
Nb,5,7,2.921287119
Nb,3,6,2.560182075
Nb,5,8,2.230117785
Nb,2,4,4.027099189
Nb,4,8,2.058320622
Nb,2,5,3.43640627
Nb,2,6,2.99525139
Mo,6,2,3.880098242
Mo,6,3,4.350125321
Mo,5,3,4.291613721
Mo,6,4,4.643881939
Mo,5,4,4.306076115
Mo,6,5,4.488256815
Mo,5,5,4.008792849
Mo,6,6,4.084436154
Mo,5,6,3.379919051
Mo,4,6,2.833601611
Mo,3,6,2.281434227
Mo,6,7,4.311612661
Mo,6,8,3.217615695
Tc,7,5,4.766721496
Tc,7,6,4.322956524
Tc,5,6,3.228764416
Tc,4,6,2.769223776
Tc,7,8,3.022660244
Ru,7,4,4.919228173
Ru,6,4,4.122195371
Ru,5,4,3.709208122
Ru,6,5,3.894485498
Ru,5,5,3.360626408
Ru,3,4,2.728586911
Ru,6,6,3.457712169
Ru,5,6,2.780699509
Ru,4,6,2.493690285
Ru,3,6,2.193650969
Ru,4,7,2.074786789
Ru,4,8,1.760741869
Rh,4,6,2.290331676
Rh,3,6,2.068872979
Rh,3,8,1.838095879
Pd,1,2,2.998580034
Pd,4,6,2.433188879
Pd,2,4,2.773451189
Pd,3,6,2.946831048
Pd,2,6,2.805371468
Pd,2,7,2.61982293
Pd,2,8,2.586995386
Pd,2,10,2.851910118
Ag,1,1,3.4099768
Ag,1,2,3.710277466
Ag,3,4,4.515179676
Ag,3,6,2.841523825
Ag,2,4,4.329488943
Ag,1,3,4.297902286
Ag,3,8,2.173854006
Ag,2,6,3.505798486
Ag,1,4,4.396100661
Ag,2,8,3.029526812
Ag,1,5,4.05617931
Ag,1,6,3.707124573
Ag,1,7,3.607204279
Ag,1,8,3.644213893
Ag,1,9,3.952955066
Ag,1,10,4.40786321
Ag,1,11,4.985373188
Ag,1,12,5.585507439
Cd,2,3,4.369306904
Cd,2,4,4.200989957
Cd,2,5,3.932292957
Cd,2,6,3.600983261
Cd,2,7,3.394368388
Cd,2,8,3.256397039
Cd,2,9,3.096772944
Cd,2,10,3.07537065
Cd,2,12,3.243706967
In,3,4,3.758838185
In,3,5,3.631943905
In,3,6,3.366124091
In,3,7,2.867176424
In,3,8,2.501052252
In,2,6,4.302085991
In,2,7,4.029008279
In,2,8,3.864098581
In,1,9,5.253214638
In,1,10,5.779423226
Sn,4,4,4.329683063
Sn,4,5,3.736567089
Sn,4,6,3.235466431
Sn,2,2,5.529825094
Sn,4,7,2.666618171
Sn,2,3,5.444116441
Sn,4,8,2.217575758
Sn,2,4,5.071613753
Sn,2,5,4.55134888
Sn,2,6,4.069423409
Sn,2,7,3.721431144
Sn,2,8,3.550239644
Sn,2,9,3.556599923
Sn,2,10,3.720424229
Sb,5,5,3.791293471
Sb,5,6,3.11385048
Sb,3,3,6.030196339
Sb,3,4,5.784786427
Sb,3,6,2.933853578
Sb,3,5,4.746013738
Sb,3,7,2.852800934
Sb,3,8,2.619547948
Sb,3,9,2.566084465
Sb,3,10,2.605221449
Te,6,4,4.548886407
Te,6,5,4.089972303
Te,4,3,5.020721501
Te,6,6,3.407107785
Te,5,5,5.61256203
Te,6,7,3.052799578
Te,4,4,6.060582206
Te,5,6,5.537578211
Te,4,5,6.936840476
Te,4,6,7.797943246
Te,4,7,6.291384465
Te,4,8,5.306778278
Te,4,9,4.453320478
Te,4,10,3.837113511
Te,-2,6,2.32722046
I,5,3,4.965053019
I,7,5,4.673200276
I,7,6,3.588681367
I,5,4,6.95367142
I,7,8,2.749096874
I,5,5,8.481616011
I,5,6,9.644179715
I,5,7,8.677968903
I,5,8,7.61288944
I,5,9,6.3804905
I,-1,6,2.787269873
Xe,8,6,3.298229299
Cs,1,2,5.002972057
Cs,1,3,4.993005747
Cs,1,4,5.105795896
Cs,1,5,5.389501668
Cs,1,6,5.873651328
Cs,1,7,6.571411545
Cs,1,8,7.466867556
Cs,1,9,8.53185272
Cs,1,10,9.485852447
Cs,1,11,10.30915703
Cs,1,12,10.53878295
Cs,1,13,10.42790384
Ba,2,2,8.649944162
Ba,2,3,8.283506413
Ba,2,4,7.852744259
Ba,2,5,7.509777546
Ba,2,6,7.420117777
Ba,2,7,7.159722854
Ba,2,8,7.099100406
Ba,2,9,7.262191118
Ba,2,10,7.46287987
Ba,2,11,7.590635666
Ba,2,12,7.362244537
La,3,2,8.799279254
La,3,3,8.557844105
La,3,4,7.929837934
La,3,5,7.149701052
La,3,6,6.385217165
La,3,7,5.879834428
La,3,8,5.414821554
La,3,9,5.035839544
La,2,6,6.601245384
La,3,10,4.734206816
La,3,11,4.149891585
La,2,8,6.2133368
La,3,12,4.029051751
La,2,9,6.263443822
La,2,10,6.405570862
La,2,12,6.35875079
Ce,4,6,5.746088009
Ce,3,4,7.582333368
Ce,4,7,4.665224522
Ce,3,5,6.817574199
Ce,4,8,3.963313132
Ce,3,6,6.058746546
Ce,4,9,3.368072719
Ce,3,7,5.457763581
Ce,4,10,2.855500125
Ce,4,12,2.000922193
Ce,3,8,5.188631057
Ce,3,9,4.768267308
Ce,2,6,6.503816261
Ce,3,10,4.465956726
Ce,3,11,3.820725696
Ce,3,12,3.776591293
Pr,3,2,8.198117171
Pr,4,5,6.079237454
Pr,3,3,8.013595346
Pr,4,6,5.392097805
Pr,3,4,7.458995677
Pr,4,7,4.516061241
Pr,3,5,6.71524452
Pr,4,8,3.838198798
Pr,3,6,5.767165047
Pr,3,7,5.400432728
Pr,3,8,4.96754509
Pr,3,9,4.551281381
Pr,3,10,4.235502033
Pr,2,6,6.567893178
Pr,3,11,3.740906427
Pr,3,12,3.24717794
Pr,2,8,6.081168908
Pr,2,12,5.986443259
Nd,3,2,7.812731705
Nd,3,3,7.647238925
Nd,3,4,7.137676467
Nd,3,5,6.45117349
Nd,3,6,5.666294674
Nd,3,7,5.18892109
Nd,3,8,4.751968513
Nd,3,9,4.35452943
Nd,3,10,4.040076339
Nd,3,11,3.543227541
Nd,3,12,2.994257301
Nd,2,8,5.673007834
Nd,2,9,5.752923327
Nd,2,12,5.683891373
Pm,3,8,4.555747637
Pm,3,9,4.124628635
Sm,3,2,7.094336751
Sm,3,3,7.0053963
Sm,3,4,6.57641566
Sm,3,5,5.967708128
Sm,3,6,5.316510109
Sm,3,7,4.820666689
Sm,3,8,4.391379829
Sm,3,9,3.9923375
Sm,2,6,5.983424721
Sm,3,10,3.682914058
Sm,3,11,3.207207122
Sm,2,7,5.694204415
Sm,3,12,2.702051316
Sm,2,8,5.518955237
Sm,2,9,5.432347221
Eu,3,2,6.80749756
Eu,3,4,6.350770112
Eu,2,1,6.913133501
Eu,3,5,5.776979109
Eu,2,2,7.025354323
Eu,3,6,5.167772564
Eu,3,7,4.703004252
Eu,3,8,4.244336506
Eu,2,5,6.193121145
Eu,3,9,3.863746978
Eu,2,6,6.016985006
Eu,3,10,3.544136574
Eu,2,7,5.505527375
Eu,3,11,3.066031626
Eu,3,12,2.620389818
Eu,2,8,5.313193992
Eu,2,9,5.204728534
Eu,2,10,5.136658611
Eu,2,11,5.126254247
Eu,2,12,4.92966393
Gd,3,2,6.201893532
Gd,3,4,5.883905453
Gd,3,5,5.422747457
Gd,3,6,5.049491174
Gd,3,7,4.587915719
Gd,3,8,4.10121255
Gd,3,9,3.726676157
Gd,3,10,3.284668817
Gd,2,8,4.724193683
Gd,3,12,2.403493454
Tb,3,2,6.1327168
Tb,4,5,4.610614252
Tb,4,6,4.000491886
Tb,4,7,3.492009546
Tb,3,5,5.340150431
Tb,4,8,2.959355365
Tb,3,6,4.853712069
Tb,3,7,4.346326096
Tb,3,8,3.96208174
Tb,4,12,1.41458068
Tb,3,9,3.605838503
Tb,3,10,3.225179748
Tb,3,12,2.356156379
Dy,3,3,5.865679792
Dy,3,4,5.597742673
Dy,3,5,5.164614494
Dy,3,6,4.715623105
Dy,3,7,4.238378526
Dy,3,8,3.826999101
Dy,2,6,5.032662315
Dy,3,9,3.488748563
Dy,3,10,3.113179298
Dy,2,7,4.818344989
Dy,3,12,2.254066563
Dy,2,8,4.703642481
Ho,3,3,5.626100039
Ho,3,4,5.385177793
Ho,3,5,4.994006732
Ho,3,6,4.581098079
Ho,3,7,4.120770878
Ho,3,8,3.707862212
Ho,3,9,3.386768191
Ho,3,10,3.036815874
Ho,3,11,2.550315668
Ho,3,12,2.156760335
Er,3,3,5.395341325
Er,3,5,4.828384299
Er,3,6,4.450179646
Er,3,7,3.969926651
Er,3,8,3.603916859
Er,3,9,3.29913199
Er,3,10,2.880864478
Tm,3,3,5.173342745
Tm,3,6,4.335358966
Tm,3,7,3.883163553
Tm,3,8,3.514472504
Tm,2,6,4.687429581
Tm,3,9,3.214198527
Tm,2,7,4.482224244
Tm,3,10,2.781333181
Tm,2,8,4.319205287
Tm,3,12,1.990075281
Tm,2,12,3.687672911
Yb,3,3,4.972904855
Yb,3,5,4.537293284
Yb,3,6,4.199267438
Yb,3,7,3.775357796
Yb,3,8,3.43891144
Yb,2,6,4.609397302
Yb,3,9,3.131942193
Yb,3,10,2.685613694
Yb,2,7,4.409479619
Yb,3,12,1.912449411
Yb,2,8,4.281103886
Yb,2,12,3.541208615
Lu,3,3,5.034043028
Lu,3,5,4.522522058
Lu,3,6,4.127458202
Lu,3,7,3.728484801
Lu,3,8,3.376695583
Lu,3,9,3.052333057
Lu,3,10,2.736166961
Hf,4,6,3.399021722
Hf,4,7,2.868822782
Hf,4,8,2.573111362
Ta,5,5,3.596502075
Ta,4,5,3.368884514
Ta,5,6,3.416415768
Ta,4,6,3.079798017
Ta,5,7,2.831114901
Ta,3,6,2.677851574
Ta,5,8,2.297135781
W,6,4,3.58855907
W,6,5,3.677583986
W,6,6,3.583176275
W,5,6,3.196631826
W,4,6,2.885492877
W,6,7,3.161713269
W,5,7,2.793260341
W,6,8,2.673535886
Re,6,4,3.336541237
Re,5,4,3.172458993
Re,7,5,3.4860227
Re,6,5,3.300412437
Re,4,4,2.938382914
Re,7,6,3.231757118
Re,6,6,3.052743628
Re,5,6,2.79512849
Re,4,6,2.611886571
Re,7,8,2.383804215
Os,7,5,3.540067759
Os,6,5,3.428273771
Os,7,6,3.180626641
Os,6,6,3.005085538
Os,5,6,2.754288164
Os,4,6,2.623170822
Ir,6,6,2.884997803
Ir,5,6,2.715431122
Ir,4,6,2.590501117
Ir,3,6,2.40199543
Pt,6,6,2.753992333
Pt,5,6,2.724101719
Pt,2,4,2.442332759
Pt,4,6,2.603661067
Pt,2,6,2.717899931
Pt,2,7,3.085741198
Pt,2,8,3.362447607
Au,3,4,4.004187062
Au,2,3,3.880862513
Au,3,5,4.077303002
Au,3,6,4.149265505
Au,1,2,4.394481782
Au,3,8,3.516286578
Au,3,10,3.036846762
Au,3,12,2.624436289
Au,1,6,6.960013399
Hg,1,1,3.843433799
Hg,2,3,4.93075881
Hg,1,2,4.343532307
Hg,2,4,5.734756019
Hg,1,3,4.780287715
Hg,2,5,5.590957857
Hg,2,6,4.995105514
Hg,1,4,5.110499879
Hg,2,7,5.156287632
Hg,2,8,4.833546036
Hg,1,5,5.36254178
Hg,1,6,5.362252032
Hg,2,9,4.645143912
Hg,2,10,4.416233457
Hg,1,7,5.875283844
Hg,1,8,6.22590722
Hg,2,12,3.883631765
Hg,1,9,6.53323998
Hg,1,10,6.69517266
Tl,3,2,4.054515139
Tl,3,3,4.501805885
Tl,3,4,4.798591269
Tl,3,5,4.826391001
Tl,3,6,4.644604811
Tl,1,1,4.612790411
Tl,3,7,4.558225204
Tl,3,8,3.764644159
Tl,1,2,5.177459423
Tl,3,9,4.06208839
Tl,1,3,5.735668288
Tl,3,12,3.087043549
Tl,1,4,6.381786704
Tl,1,5,7.207849007
Tl,1,6,8.34981238
Tl,1,7,9.193849803
Tl,1,8,10.00667232
Tl,1,9,10.37057186
Tl,1,10,10.32477664
Tl,1,11,9.801514124
Tl,1,12,8.670315757
Pb,2,1,4.381516076
Pb,4,5,4.808182162
Pb,4,6,4.30892801
Pb,2,2,4.992228047
Pb,2,3,5.53946547
Pb,4,8,4.071085162
Pb,2,4,5.962920152
Pb,2,5,6.634026229
Pb,2,6,7.343551375
Pb,2,7,7.231112713
Pb,2,8,7.365758968
Pb,2,9,7.419854148
Pb,2,10,7.133547574
Pb,2,11,6.660107881
Pb,2,12,5.851771775
Bi,5,4,4.825985076
Bi,3,1,4.495816097
Bi,5,5,5.022585555
Bi,3,2,5.265015374
Bi,5,6,5.020987612
Bi,3,3,5.942376665
Bi,5,8,3.929134427
Bi,3,4,6.450235692
Bi,3,5,6.786116766
Bi,3,6,6.879816697
Bi,3,7,6.842420591
Bi,3,8,6.845450625
Bi,3,9,6.329365561
Bi,3,10,5.822091383
Bi,3,11,5.240672459
Bi,3,12,4.608388659
Po,4,6,6.938677929
Po,4,8,6.420408121
Fr,1,6,11.64013712
Ra,2,8,12.2308628
Ra,2,12,9.914435156
Ac,3,8,9.200965142
Th,4,5,6.802453259
Th,4,6,7.144005234
Th,4,7,6.375941063
Th,4,8,6.245873068
Th,4,9,5.327844398
Th,4,10,4.420070909
Th,4,11,3.712093717
Th,4,12,2.885767519
Th,3,12,4.538678235
Pa,4,6,6.464439402
Pa,5,8,4.674348767
Pa,5,9,3.819808807
Pa,4,8,5.59638943
Pa,3,6,7.528778518
U,6,3,4.330128009
U,6,4,4.324532352
U,5,2,4.486547814
U,6,5,4.935371534
U,5,5,5.25979005
U,6,6,5.282308189
U,5,6,5.177701626
U,6,7,5.129790149
U,5,7,5.101376907
U,6,8,4.402149156
U,4,6,6.333334893
U,5,8,4.552649557
U,4,7,6.082426102
U,4,8,5.492405463
U,3,6,7.328930887
U,4,9,4.811327106
U,4,12,2.586121982
Np,5,2,4.332469273
Np,6,5,4.796861073
Np,5,5,5.100408734
Np,7,6,5.178316515
Np,6,6,5.160586829
Np,5,6,5.060053133
Np,6,7,4.913350271
Np,5,7,4.878818461
Np,6,8,4.379547705
Np,4,6,6.038973713
Np,5,8,4.422240055
Np,4,8,5.227313267
Np,3,6,7.132227389
Np,2,6,6.977514483
Pu,5,2,4.214538657
Pu,6,6,5.044120856
Pu,5,6,4.94720846
Pu,6,8,4.297078157
Pu,4,6,5.918444285
Pu,5,8,4.323894194
Pu,3,4,6.578892204
Pu,4,7,5.688648682
Pu,3,5,6.849631054
Pu,4,8,4.974729108
Pu,3,6,7.026629746
Pu,3,8,6.668260192
Am,4,8,4.885538534
Am,3,6,6.663589443
Am,3,8,6.381531628
Am,2,7,8.396056351
Am,2,8,8.404207609
Am,2,9,8.148750132
Cm,4,8,4.952111787
Cm,3,6,6.648557121
Bk,4,8,4.71630563
Bk,3,6,6.549787591
Cf,4,8,4.636131084
Cf,3,6,6.453000095
