phase,Temperature,Temperature_based on model1,na,blsd,blnpv,d,epa,fepa
CaO,3177.533333,1676.631961,2,0,0.132358786,3.286687964,-6.438966535,-3.316402433
MgO,3098.65,1639.94061,2,0,0.194508347,3.471430968,-5.98371072,-3.062430027
ZrO2,2972.483333,2013.764086,3,0.350167774,0.190333245,5.563611317,-9.503488231,-3.823811042
SrZrO3,2873.15,2154.134181,5,0.10738822,0.097604713,5.252253718,-8.266261176,-3.671425518
BeO,2851.15,1545.344172,2,1.06E-05,0.250073888,2.967498763,-7.103041638,-3.110502471
CaZrO3,2823.15,2164.853679,5,0.053506856,0.093760816,4.46654005,-8.337411775,-3.68057982
ZrSiO4,2823.15,2078.030789,6,0.061546873,0.073582078,4.479509123,-8.728233694,-3.569274834
BaZrO3,2773.15,2093.550549,5,0.1708521,0.739546025,5.958155802,-8.288942678,-3.648209105
SrO,2703.15,1620.894633,2,0,0.106301827,4.877526424,-6.052317895,-3.084744534
MgCr2O4,2663.15,1593.67521,7,0.184662588,0.574506412,4.201084843,-9.268013476,-2.573299124
Cr2O3,2599.816667,1180.741817,5,0.15003643,0.129546267,4.904330425,-7.98478336,-2.381365091
Ca3SiO5,2423.15,1757.68664,9,0.064767849,0.310068534,3.057810042,-7.057127332,-3.429337754
Ca2SiO4,2403.15,1740.886796,7,0.068940022,0.073271519,2.890533661,-7.25953373,-3.487394015
MgAl2O4,2398.15,1844.397443,7,0.000122984,0.045830732,3.464623154,-7.107920978,-3.383533913
SrTiO3,2343.15,1788.907043,5,0.133444509,0.212143516,4.972062125,-8.02581312,-3.56150702
MgZrO3,2333.15,2234.591075,5,0,0.127451083,3.845387571,-7.428143098,-2.851824507
AlO3,2327.15,1621.346636,4,0,0.02947458,2.446523935,-5.720924954,-1.600281895
Al2O3,2314.15,1706.354184,5,0.041144758,0.106764232,3.873498339,-7.481357943,-3.43572833
BaO,2256.15,1587.105501,2,0,0.084736182,5.753123041,-5.913596095,-2.831277946
CaTiO3,2251.483333,1834.534081,5,0.091716279,0.13964674,3.940464343,-8.09288214,-3.566579743
ZnO,2247.65,1440.553157,2,9.61E-06,0.140792058,5.437864583,-4.55122248,-1.798659443
VO2,2240.15,1187.658862,3,0.001576963,0.161442149,4.446943636,-7.782192168,-2.484963132
V2O3,2218.816667,1232.539707,5,0.002369241,0.071521079,4.643588619,-8.03602955,-2.528487801
NbO,2210.15,1624.389946,2,0.196002114,0.400578247,7.010467016,-9.466932457,-2.293447202
NbO2,2174.65,1385.825155,3,0.154616232,0.025652339,5.675253089,-9.105356455,-2.907811129
Mg2SiO4,2170.65,1725.874819,7,0.031465265,0.096710787,3.11644027,-6.888826469,-3.231705845
BeAl2O4,2143.15,1850.771259,7,0.014460113,0.145118579,3.599681603,-7.392117873,-3.361656959
Ti2O3,2134.483333,1708.226841,5,0.027100211,0.088447536,4.52357834,-9.018213044,-3.312792627
Al2TiO5,2133.15,1868.260894,8,0.013225737,0.098630748,3.609657816,-8.027918089,-3.451101608
TiO2,2120.15,1683.66961,3,0.022366142,0.074979747,3.615940061,-8.974092661,-3.511964735
MnO,2113.816667,1481.955101,2,0,0.165209903,5.190708253,-7.856707145,-1.993446251
Mg2TiO4,2113.15,1847.523905,7,0.101959238,0.128683167,3.429076235,-7.301658511,-3.29144329
BaAl2O4,2100.15,1768.411233,7,0.359563169,0.131239752,3.938727139,-7.227287223,-3.456889456
CoO,2090.65,1499.45759,2,0,0.071980903,5.118013507,-6.150020009,-1.410028377
Al2SiO5,2089.15,1770.932232,8,0.018142216,0.082199335,3.050819942,-7.652488472,-3.384629764
CrPO4,2073.15,1085.75263,6,0.124362812,0.05370255,3.276462549,-7.615052909,-2.609053708
VO,2063.15,1558.612356,2,0,0.175286706,5.196116801,-7.912721298,-2.089710478
Ti3O5,2050.15,1694.129645,8,0.029062982,0.107135957,4.187247774,-9.003851273,-3.38966554
TiO,2013.15,1783.034403,2,0.00138323,0.588604007,5.06132625,-8.98618279,-2.915823636
SiO2,1995.15,1480.859723,3,0,0.042434981,2.116918417,-7.9162382,-3.277997669
SiO,1975.15,1640.560915,2,0.205381803,0.035246369,2.580199944,-6.890286246,-2.055758184
Ca3P2O8,1943.15,1633.48902,13,0.133495961,0.058267835,2.780985099,-7.243767661,-3.336822762
NaAlO2,1923.15,1502.595338,4,0.166684837,0.083323741,2.668605853,-6.33147466,-2.944192217
MgTi2O5,1918.15,1849.465232,8,0.016114782,0.088207966,3.551494261,-8.263312204,-3.436396086
BaTiO3,1898.15,1748.921931,5,0.155692515,0.250109132,5.696967708,-8.011706982,-3.501502967
LiAlO2,1898.15,1590.47568,4,0.01654314,0.086673367,2.5300524,-6.626988158,-3.090530753
CaWO4,1893.15,1627.041968,6,0.093977006,0.073273399,5.838608871,-7.320991049,-2.722782536
BaSiO3,1878.15,1592.382106,5,0.224733168,0.058369822,4.003531127,-7.429431392,-3.413559814
CaAl2O4,1878.15,1869.124065,7,0.125366469,0.056872238,2.842847095,-7.245913022,-3.464016412
SrSO4,1877.483333,1437.574566,6,0.239360289,0.084027145,3.796933167,-6.494883257,-2.804027758
Fe3O4,1870.15,1338.473242,7,0.205757656,0.090121646,4.94999305,-6.743186839,-1.858679269
MgTiO3,1860.65,1859.522986,5,0.114758001,0.088400243,3.780006602,-7.824705655,-3.378916622
BaSO4,1853.15,1375.998814,6,0.285539063,0.071294627,4.250832995,-6.557128369,-2.828024607
Mn3O4,1839.15,1095.143874,7,0.099029832,0.102747133,4.592823197,-7.69696494,-2.064789107
BaP2O6,1833.15,1418.562782,9,0.400656231,0.049342871,3.722038315,-7.238243401,-2.991628361
Be2SiO4,1833.15,1713.750175,7,7.29E-05,0.016697156,2.892192873,-7.454896271,-3.185627948
Fe2O3,1825.15,1298.76381,5,0.169003748,0.1273893,5.066847798,-6.74927644,-1.907358343
WO2,1823.15,1253.785466,3,0.001370904,0.133940588,9.601454846,-7.623599372,-1.924113569
Li2TiO3,1815.15,1627.482278,6,0.008471371,0.185358114,3.336254064,-7.064657864,-2.989675372
CaSiO3,1813.15,1737.720174,5,0.123546609,0.064545705,2.818933202,-7.490786508,-3.458816548
CdO,1813.15,1512.279325,2,0,0.137024887,7.7914355,-3.956636945,-1.380702821
Ca3Al2O6,1808.15,1863.094407,11,0.096262345,0.06805885,2.943204645,-6.950292345,-3.40815301
AlP3O9,1799.15,1624.956788,13,0.032105644,0.05859181,2.334148481,-7.328892159,-2.852244264
K2TiO3,1788.15,1569.180993,6,0.154493067,0.10873384,2.923538584,-6.584838982,-2.776031125
Nb2O5,1783.816667,1473.779412,7,0.123247385,0.196251051,4.300420662,-8.963836004,-3.045130658
Zn2SiO4,1783.15,1486.748118,7,0.019329306,0.011630169,4.078178376,-6.016922401,-2.456211867
Ca2Al2SiO7,1773.15,1880.189164,12,0.165330052,0.152506874,2.954872202,-7.360339236,-3.474245397
Cd3P2O8,1773.15,1266.925,13,0.11702939,0.055614806,4.909408974,-5.920154116,-2.265499976
SrCO3,1768.65,1358.438463,5,0.249823325,0.077867706,3.635955509,-7.440221028,-2.709571532
BaWO4,1748.15,1483.670959,6,0.202139367,0.05179754,6.023402778,-7.30947712,-2.724683924
WO3,1745.483333,1252.220877,4,0.005538858,0.077808399,6.656532553,-7.510695179,-2.17466446
FeTiO3,1743.15,1737.739112,5,0.182789703,0.346768267,4.597795231,-8.108192041,-2.834522784
AlPO4,1733.15,1683.073386,6,0.011559319,0.05712476,2.10330828,-7.48790834,-3.130987746
Ba2NaNb5O15,1733.15,1455.852491,23,0.213922669,0.085084519,5.090958682,-8.322658064,-3.133889721
CaSO4,1729.816667,1551.269152,6,0.175341681,0.063082466,2.852170053,-6.533407339,-2.79088826
Ca3As2O8,1728.15,1521.573922,13,0.097522338,0.087217531,3.49911445,-6.505170188,-2.714344951
BaNb2O6,1726.483333,1584.480754,9,0.202852086,0.167346887,5.294185872,-8.514693526,-3.226296446
BaMoO4,1723.15,1401.184716,6,0.21404841,0.051714403,4.64131574,-7.088963771,-2.719585797
CuO,1721.15,1460.788483,2,0,0.181125051,5.981122501,-5.12287878,-0.950442711
Li2O,1710.65,1435.606157,3,0,0.197786229,1.962800156,-4.754533493,-2.066696435
Ba2P2O7,1703.15,1448.296066,11,0.262377196,0.063754272,3.957617508,-7.268167143,-3.233242446
Nb2Cd2O7,1703.15,1476.592894,11,0.083248669,0.074247254,5.857760441,-7.181393796,-2.478241621
LiAlSi2O6,1703.15,1706.084575,10,0.011977496,0.136210674,2.004305125,-7.411740839,-3.214213558
NaNbO3,1695.15,1308.809474,5,0.189983648,0.08869769,4.023223118,-7.686819202,-2.856714312
Ba2CaWO6,1693.15,1683.238493,10,0.183550676,0.297150851,6.377787836,-7.025384672,-3.033532304
BaSiO4,1693.15,1630.558588,6,0.254006705,0.105164034,3.815395573,-6.554549299,-2.500378739
BaSi2O5,1693.15,1627.657824,8,0.40157101,0.063557552,3.608075862,-7.620005675,-3.37074574
Ba2SrWO6,1673.15,1629.145468,10,0.161321055,0.172491768,6.453306836,-6.929772124,-2.968917904
Mg2P2O7,1662.15,1627.014084,11,0.063266664,0.062665808,2.988216967,-6.972469201,-2.99610358
BaCrO4,1653.15,1368.165312,6,0.297147521,0.076798957,4.307386439,-6.897477717,-2.473864354
FeO,1650.15,1552.764612,2,0.206648433,1.141277227,5.614899212,-6.719010495,-1.728029241
Mn2TiO4,1633.15,1648.816296,7,0.209552364,0.162552472,4.352966965,-8.379604264,-2.688257499
MnTiO3,1633.15,1719.605363,5,0.184753649,0.092136013,4.465568061,-8.589082121,-2.966501008
Ca2P2O7,1626.15,1646.763638,11,0.171784086,0.061677857,2.813456132,-7.274191749,-3.224632161
Co2SiO4,1618.15,1560.135035,7,0.102010205,0.111708565,4.581783959,-6.909220187,-2.21283617
PbNb2O6,1616.15,1464.382357,9,0.153559524,0.060807599,6.25904539,-8.242661087,-2.754973038
K3PO4,1613.15,1143.535093,8,0.144856812,0.087233024,2.510006869,-5.76397017,-2.548077098
Na3PO4,1613.15,1100.378625,8,0.072405399,0.244755374,2.42289919,-5.828570718,-2.536993624
K3AsO4,1583.15,1110.116575,8,0.180274322,0.041782869,2.816105949,-5.161822466,-2.040276619
MnSiO3,1571.9,1502.971075,5,0.068547519,0.126518015,3.601547152,-7.929502465,-2.801253789
Li4SiO4,1529.15,1477.367111,9,0.023804099,0.205436969,2.317321591,-6.037070747,-2.699099197
CdSiO3,1525.15,1512.973883,5,0.112018907,0.065302018,4.716857384,-6.369234795,-2.555916827
CaMoO4,1523.15,1596.798242,6,0.101859468,0.073377611,4.061863133,-7.088476269,-2.705682977
LiNbO3,1513.15,1382.356268,5,0.019079875,0.071899085,4.412866737,-7.858139836,-2.908694976
Cu2O,1511.15,1495.152574,3,0,0.076110354,6.02816479,-4.797616775,-0.649590505
SrNb2O6,1498.15,1677.994666,9,0.126445973,0.082274282,4.924027887,-8.511139055,-3.248240816
Fe2SiO4,1493.15,1606.809308,7,0.11123156,0.106460898,4.238063668,-7.286672216,-2.446865558
Li3PO4,1478.15,1149.812577,8,0.023538495,0.180102221,2.388292852,-6.276479273,-2.761139736
Li2SiO3,1474.15,1453.664824,6,0.03472017,0.078165863,2.458383181,-6.553902716,-2.890863921
Mn2P2O7,1469.15,1160.878815,11,0.08862517,0.137099141,3.589660894,-7.640313619,-2.594137015
PbSO4,1443.15,1149.902945,6,0.277866331,0.050656295,6.002227342,-6.059606273,-2.031566057
FeSiO3,1413.15,1547.840261,5,0.199119269,0.075104234,3.760758103,-7.459028204,-2.679691384
MgSO4,1410.15,1582.422992,6,0.086228596,0.061491353,2.891903632,-6.204110619,-2.528686009
Na2O,1406.483333,1369.824729,3,0,0.114185046,2.350349561,-3.740349293,-1.450312134
Na2Ti3O7,1401.15,1569.708793,12,0.157742701,0.233815638,3.345429423,-7.843227773,-3.174122538
BeSO4,1400.15,1504.088158,6,0.005673943,0.074717026,2.370306353,-6.45593354,-2.423422772
PbWO4,1399.65,1293.899525,6,0.125430006,0.060176588,7.907807648,-6.933568436,-2.049838787
FeMoO4,1388.15,1270.790723,6,0.041388815,0.069128606,4.40352859,-7.016792736,-2.011193727
KNbO3,1373.15,1357.1673,5,0.154942506,0.248471292,4.368736604,-7.655238418,-2.865498339
Na2SiO3,1362.15,1401.359294,6,0.09278192,0.078330317,2.540293241,-6.174780373,-2.710641528
K2SO4,1342.15,1073.961728,7,0.184213945,0.11153777,2.531375568,-5.620891034,-2.381398229
PbMoO4,1336.483333,1166.382484,6,0.114767878,0.058422274,6.475804503,-6.663821007,-1.995506579
MgMoO4,1333.15,1602.390801,6,0.029984809,0.047638075,3.643622436,-6.79249767,-2.476798848
Rb2SO4,1328.483333,1006.928326,7,0.20914922,0.098732661,3.433271018,-5.571100525,-2.36871197
CoMoO4,1313.15,1235.480577,6,0.17915241,0.086169501,4.639665995,-6.724612617,-1.844475962
SrMoO4,1313.15,1534.238236,6,0.151329692,0.065181598,4.465798403,-7.061521948,-2.730392237
Na4SiO4,1291.15,1424.528426,9,0.055202301,0.210145449,2.568895511,-5.47446565,-2.401694033
Pb3P2O8,1287.15,1248.333942,13,0.197286213,0.052167033,6.539554382,-6.647021383,-2.344739527
Cs2SO4,1278.15,989.4350146,7,0.247491273,0.085562454,4.032542304,-5.543192821,-2.365127608
CdSO4,1273.15,1190.179307,6,0.141297618,0.051193224,4.169881489,-5.514622763,-1.954313676
MgCO3,1263.15,1483.493201,5,0.118980962,0.051764963,2.898973082,-7.170890808,-2.458758379
Na4P2O7,1261.15,1165.014428,13,0.120025151,0.076634245,2.506458237,-6.143781254,-2.62107956
K2SiO3,1249.15,1418.297837,6,0.205898253,0.062748341,2.411310169,-6.079834638,-2.682970479
K2CrO4,1246.483333,1064.067135,7,0.266875653,0.122520597,2.590692639,-5.910214243,-2.075427495
NaBO2,1239.15,1020.995704,4,0.16318581,0.080566728,2.40080251,-6.743581528,-2.622845381
Al2Mo3O12,1223.15,1709.452477,17,0.003627947,0.030320443,3.257539031,-7.201251842,-2.472837565
KBO2,1220.15,1018.010202,4,0.254380037,0.06097448,2.261791814,-6.727252315,-2.656972183
Cs2MoO4,1219.3,999.0864639,7,0.341527101,0.081958971,4.138764272,-5.990127175,-2.263255495
Rb2MoO4,1218.15,1029.07795,7,0.236093784,0.082253654,3.615396038,-6.006365711,-2.255170688
K2WO4,1194.15,1223.928731,7,0.204777906,0.091239848,3.951725723,-6.231601498,-2.258660607
K2MoO4,1192.15,1101.330631,7,0.200362236,0.09260339,2.929461138,-6.054258042,-2.265958769
Li2B4O7,1190.15,1054.394154,13,0.102158661,0.030216031,2.262845135,-7.448246437,-2.813241317
Na2SO3,1184.15,1047.682533,6,0.119730267,0.372511947,2.556273386,-5.287501583,-2.148429535
Zn3P2O8,1173.15,1293.275475,13,0.039050132,0.040894123,3.617014158,-6.119105797,-2.382930621
K2CO3,1170.15,1010.029043,6,0.190197408,0.097243811,2.288926147,-6.155798696,-2.12503801
PbO,1160.15,1529.848069,2,0.00025251,0.04415949,8.313341121,-5.45588052,-1.47675301
Na2SO4,1155.816667,1080.939509,7,0.123660794,0.038032119,2.563001,-5.614371956,-2.317215135
Li2SO4,1132.816667,1131.609023,7,0.044309932,0.055096984,2.117664815,-5.882531066,-2.414888573
Na2CO3,1130.55,983.0373379,6,0.174648107,0.12132305,2.487682396,-6.188811315,-2.090775942
Na3VO4,1129.65,1212.712881,8,0.067079374,0.109047344,2.46678902,-5.844208949,-2.304248066
Ag3PO4,1122.15,966.6788296,8,0.166254332,0.058454203,6.094392468,-5.282868508,-1.421176644
LiBO2,1119.65,1071.689243,4,0.151405365,0.106956632,2.079064457,-7.015545395,-2.745634287
PbCrO4,1117.15,1145.394705,6,0.198501931,0.05069726,5.727998083,-6.459459176,-1.73690936
RbH2PO4,1113.15,658.9593249,8,0.604649326,0.024596136,2.709811984,-5.966921334,-2.234926943
Rb2CO3,1110.15,944.6734887,6,0.218473225,0.084127888,3.308964365,-6.080204435,-2.09273204
Tl2O3,1107.15,946.450853,5,0.00144439,0.036778685,9.702867017,-4.6055884,-1.11352795
Pb3O4,1103.15,1197.609063,7,0.116619068,0.050565878,8.223901464,-5.472946524,-1.455742163
BaCO3,1084.15,1343.795455,5,0.311232963,0.065684237,4.099746995,-7.469341378,-2.692793967
KPO3,1080.15,1081.978982,5,0.329610458,0.06745778,2.300137634,-6.551612835,-2.699476592
MoO3,1074.483333,1143.022209,4,0.038770775,0.03661572,4.118450077,-7.031069834,-2.018161948
Na2CrO4,1065.816667,1061.260496,7,0.100835738,0.064450239,2.666880382,-5.894765611,-2.002314846
Cs2CO3,1065.65,924.6762708,6,0.268567485,0.073013104,4.051564639,-6.034839987,-2.075744825
PbSiO3,1029.816667,1520.346884,5,0.170573838,0.081896232,6.003784908,-6.980092147,-2.605496824
Pb2SiO4,1016.15,1527.664252,7,0.23540357,0.040044221,7.090229554,-6.544131808,-2.28252729
Na2B4O7,1015.316667,1040.690263,13,0.338333067,0.416301474,2.173435663,-7.29690041,-2.753695267
Li2WO4,1014.15,1279.556676,7,0.011533134,0.077672092,5.625991833,-6.549773124,-2.348682545
K2O,1013.15,1414.11866,3,0,0.073239753,2.291175874,-3.408443327,-1.252955539
TeO2,1006.15,1055.762,3,0.009941575,0.025293939,5.362720572,-5.383108645,-1.504898023
CsBO2,1005.15,963.7825894,4,0.392827208,0.046380796,3.690840924,-6.62964275,-2.613111762
Li2CO3,1002.15,1056.315125,6,0.068180902,0.077299698,1.996752511,-6.553006049,-2.256070727
Ba3V2O8,980.15,1546.196072,13,0.237398952,0.113672407,4.911718369,-7.219865652,-3.025792685
Li2MoO4,976.65,1154.195379,7,0.00886497,0.010000263,2.886418051,-6.35648963,-2.34004067
CoSO4,973.15,1267.055071,6,0.091873441,0.056301892,3.622715934,-6.183165271,-1.901503682
MnSO4,973.15,1211.414917,6,0.111507703,0.056053879,3.307079572,-6.823555605,-2.167470928
ZnMoO4,973.15,1196.534883,6,0.070058663,0.080276911,4.096277163,-6.244602127,-1.985142524
Na2WO4,969.65,1224.715988,7,0.04426243,0.037526112,4.882345647,-6.250263955,-2.219659047
CdTeO3,968.15,1093.505912,5,0.122116547,0.05515964,6.029743301,-4.898855415,-1.541555391
Na2MoO4,960.15,1102.925943,7,0.046740241,0.037971103,3.462290793,-6.059834495,-2.213871206
V2O5,953.4833333,1417.196885,7,0.017493365,0.089761487,3.012184513,-7.442249519,-2.295243849
Na2O2,948.15,1089.92393,4,0.058867954,0.571778963,2.524002783,-4.210404948,-1.313425711
KAsO3,933.15,1098.253874,5,0.25217758,0.082701616,2.902151295,-5.649169838,-1.947989155
Ag2SO4,932.15,956.3241903,7,0.232775825,0.029482811,5.088285178,-5.094771795,-1.363241816
LiPO3,929.15,1131.824914,5,0.045380525,0.096227484,2.346664764,-6.731294561,-2.719453536
Na4V2O7,916.15,1253.603896,13,0.142902914,0.077889393,2.716331353,-6.159939232,-2.331534414
Tl2SO4,905.15,1003.672569,7,5.34E-05,0.007666919,6.427091232,-5.374915033,-1.777921093
NaVO3,903.15,1222.285947,5,0.136168913,0.058192221,2.693051478,-6.677443802,-2.387528686
Na5P3O10,895.15,1242.002924,18,0.146416493,0.072657174,2.500441438,-6.25759122,-2.632167481
ZnSeO3,894.15,920.244211,5,0.031397356,0.022547424,4.432244326,-5.010117312,-1.511643614
Ag2WO4,893.15,1084.89998,7,0.146244763,0.118394515,7.439841138,-5.812708298,-1.347730232
RbClO4,870.15,754.6699143,6,0.377024553,0.062531266,2.844609593,-4.406539988,-1.203698834
CsIO3,866.15,818.6152845,5,0.217752872,0.150440329,4.66025308,-4.415690986,-1.384409417
BaN2O6,864.4833333,996.3962532,9,0.533845638,0.045549323,3.041012715,-6.496980964,-1.686102295
KIO4,855.15,894.4359785,6,0.184482143,0.04967429,3.449424231,-4.449798567,-1.180286919
Tl2O,852.15,1355.571497,3,9.06E-06,0.031139939,9.413254202,-3.815362407,-0.825705304
Rb2O2,843.15,1029.511871,4,0.2594661,0.1663532,3.616631251,-3.964698463,-1.233563692
SrN2O6,843.15,1089.410304,9,0.451723934,0.052363177,2.83099143,-6.45308519,-1.667705363
P2O5,835.15,1268.719951,7,0.003582524,0.013301205,2.508122367,-7.029055499,-2.449784203
CaN2O6,834.15,1204.174456,9,0.380874123,0.033443352,2.27811268,-6.43893387,-1.619111656
KReO4,828.15,900.2390167,6,0.286390976,0.054420214,4.357233952,-7.45299357,-2.363395569
NaO2,825.15,1082.527843,3,0.081902846,0.16790013,2.190153277,-4.54620769,-0.907483042
Ag2SeO3,803.15,777.695711,6,0.10720435,0.047483388,6.004620266,-4.485856177,-0.836195178
SrO2H2,800.4833333,1046.078877,5,0.309374916,0.066293459,3.347473905,-5.515549573,-2.18349247
KClO4,798.15,784.378004,6,0.331655432,0.06709217,2.37471043,-4.420492388,-1.196007088
BaCl2O8,778.15,1078.168981,11,0.409677442,0.027824666,3.452237602,-4.720129388,-1.229947885
Rb2O,778.15,1355.628087,3,0,0.048506103,3.226482428,-3.20717809,-1.138266885
K2O2,776.9,1111.990362,4,0.141517065,0.091609006,2.312132548,-4.092120515,-1.296053307
TlClO4,774.15,759.0106231,6,0,0.008475702,4.276229673,-4.243759753,-0.810732125
CuMoO4,773.15,1186.701031,6,0.062681734,0.128776763,4.624787928,-6.375116598,-1.642365984
PbSeO3,773.15,917.2512664,5,0.171725424,0.077846133,6.645457818,-5.454020261,-1.464920774
Li2CrO4,768.15,1139.561154,7,0.022813139,0.010836213,2.336977696,-6.161943788,-2.099007352
Cs2O,765.65,1340.140532,3,0,0.040368064,4.047968458,-3.205661377,-1.193504639
AgPO3,763.15,1003.248466,5,0.257451324,0.05324882,4.405528865,-6.166301968,-1.969739703
Ag2MoO4,756.15,978.5056517,7,0.052841541,0.040095903,5.885336509,-5.590105474,-1.309769027
NaClO4,755.15,782.9802537,6,0.229394079,0.058847965,2.392958526,-4.376644724,-1.118522081
LiOH,744.95,941.8373938,3,0.103469584,0.175791192,1.398143084,-4.98265147,-1.851209809
PbN2O6,743.15,784.7362227,9,0.568516,0.031342397,4.309476191,-6.174740536,-1.164570899
B2O3,723.15,1111.690693,5,7.87E-05,0.054064255,2.343828433,-8.026389621,-2.807234083
LiIO3,723.15,895.555121,5,0.006606725,0.016116237,3.893147942,-4.629075569,-1.395089904
KNO2,712.65,756.6127937,4,0.257718468,0.121964538,1.814295477,-5.78490656,-1.396356042
CsO2,705.15,1022.971021,3,0.506558503,0.190815065,3.732205735,-4.46962222,-0.969837783
ReAgO4,703.15,840.8838976,6,0.155064064,0.030555166,6.60651442,-7.096835223,-1.720215536
RbBrO3,703.15,849.3468932,5,0.257592895,0.081441126,3.60691789,-4.132998976,-1.062107572
TeO3,703.15,1086.499033,4,5.11E-07,0.080924676,4.719327586,-5.323222446,-1.353148112
NaIO3,695.15,885.040223,5,0.275413567,0.060094844,4.157400851,-4.448299289,-1.333653593
RbNO2,695.15,734.7442416,4,0.266781204,0.130893463,2.95615925,-5.716349566,-1.360265266
CsBrO3,693.15,841.3188036,5,0.352344637,0.063748645,3.944049285,-4.124534756,-1.070669692
CsNO3,685.4833333,726.5111482,5,0.385061373,0.109204508,3.420457121,-5.82036379,-1.503389596
RbO2,685.15,1045.910513,3,0.410855941,0.225665843,3.144135752,-4.490412287,-0.962250617
BaO2H2,681.15,984.9292459,5,0.345731073,0.072472416,4.458339336,-5.503446358,-2.125491339
CsNO2,679.15,740.3755418,4,0.325141732,0.11202062,3.442763649,-5.709816409,-1.375015035
KOH,679.15,933.8704887,3,0.236392483,0.081326649,2.164813326,-4.475167665,-1.609900639
Cs2O3,673.15,1008.255209,5,0.353537865,0.11386187,4.315093895,-4.258582759,-1.019236529
Tl2SeO4,673.15,844.1788394,7,2.49E-05,0.007022146,6.433406189,-4.845082347,-1.244813891
K2Cr2O7,671.15,1444.640748,11,0.287198863,0.108598323,2.496509455,-6.235387415,-1.942610041
NaBrO3,654.15,897.2247224,5,0.117972785,0.044134126,3.159524368,-4.151346337,-1.014117147
KO2,653.15,1097.389143,3,0.337191012,0.262955095,2.217453583,-4.548591383,-0.977141422
KClO3,637.4833333,772.7113358,5,0.282335309,0.059426056,2.19874499,-4.301306861,-1.281057595
Na2Cr2O7,630.15,1437.886119,11,0.17018274,0.09762023,2.65409473,-6.199422863,-1.869950206
CdN2O6,628.15,819.3812207,9,0.304288075,0.032391516,3.28166575,-5.792847612,-1.094498727
KBrO3,623.15,903.2133658,5,0.242538071,0.075955742,3.009050123,-4.154856986,-1.057992607
MgO2H2,623.15,1147.15752,5,0.152605797,0.380673673,2.304077673,-5.391036922,-2.077496887
SeO2,619.8166667,937.5138381,3,0.00710645,0.012658582,3.731778921,-5.160085184,-1.164337712
CsClO3,615.15,735.8140574,5,0.377626575,0.097397165,3.0427609,-4.262200533,-1.284950582
CaCl2O6,613.15,1270.492119,9,0.228198892,0.038408646,2.514479027,-4.671079105,-1.339839383
KNO3,606.4833333,757.6899388,5,0.353112526,0.062244353,1.990465507,-5.872640426,-1.512666917
RbClO3,606.15,756.9862875,5,0.313627163,0.083644538,2.932751092,-4.266655506,-1.272379215
K2S2O7,598.15,1103.387191,11,0.303870621,0.07554542,2.407830848,-5.784651064,-2.249520527
NaOH,596.15,943.8088773,3,0.152493996,0.209073799,1.98371498,-4.543871038,-1.611329327
ZnCrO4,589.15,1217.515576,6,0.05220182,0.049666197,3.989536888,-6.018483389,-1.704788397
As2O5,588.15,1141.664561,7,0.004998162,0.038747351,4.22521746,-5.935080353,-1.571459858
NaHSO4,588.15,733.008334,7,0.294456527,0.057879179,2.307814579,-5.603779166,-2.03126325
Re2O7,586.8,938.9403259,9,0.040198234,0.020864633,5.837607745,-8.106180985,-2.038546246
NaNO3,579.9833333,755.4056196,5,0.239952962,0.03762708,2.124228815,-5.855742794,-1.455404474
RbNO3,579.8166667,736.9705173,5,0.331344468,0.126165556,2.926984685,-5.824386425,-1.490385891
RbOH,573.65,931.9856195,3,0.283078888,0.068203238,3.315923984,-4.391419835,-1.569441101
NaReO4,573.15,933.3133775,6,0.175625789,0.066714096,5.044140778,-7.405100952,-2.281865608
As2O3,566.9833333,1111.144544,5,0.000152686,0.021109985,3.467561761,-6.049306779,-1.638504274
NaNO2,548.4833333,765.0279227,4,0.339374951,0.071571972,2.049988406,-5.776648753,-1.33764222
Tl2CO3,545.4833333,977.0008849,6,0.00012288,0.006395795,6.638152969,-5.951967344,-1.504122
CsOH,545.15,918.2458316,3,0.341811391,0.056762516,4.037210377,-4.342383633,-1.548782133
BaN2O4,540.15,1043.828251,7,0.438427694,0.061221321,3.330655957,-6.567784092,-1.595415938
LiBrO3,533.15,936.2361886,5,0.015269917,0.014517313,2.889427963,-3.698470139,-0.441900979
NaCO2,533.15,1037.297054,4,0.185138572,0.155781813,2.236321377,-6.650260034,-1.892679093
NaHCO2,530.45,724.04097,5,0.2596003,0.06571138,1.855173994,-6.035770112,-1.581758027
CuN2O6,528.65,790.7214436,9,0.269684682,0.029329432,2.609847938,-5.951403609,-0.898276514
LiNO3,526.8166667,751.1838357,5,0.145412743,0.049509878,2.267301962,-5.992779224,-1.473100935
KH2PO4,526.15,718.6327279,8,0.514133103,0.027031044,2.221218093,-5.985693419,-2.237465919
CsClO4,523.15,779.1971689,6,0.461399515,0.054509522,3.115815182,-4.40409571,-1.215443172
NaClO3,521.15,782.5741113,5,0.17732605,0.04676559,2.361654107,-4.273638055,-1.213023977
HBO2,509.15,735.1452339,4,0.03262952,0.030535834,1.904417058,-6.907238091,-2.304623531
LiClO4,509.15,810.1188734,6,0.142522272,0.056239482,2.33780787,-4.474896994,-1.117324377
AgClO3,503.4833333,730.4410373,5,0.195985279,0.044306132,4.021646516,-3.90881794,-0.544142652
LiNO2,495.15,770.7701125,4,0.106156633,0.223505396,2.068477314,-5.930320353,-1.342138858
Ag2CO3,491.15,926.5432638,6,0.297159583,0.109794727,5.585939036,-5.706111708,-1.101307651
AgNO3,484.4833333,718.8796372,5,0.282336855,0.036703225,4.141311737,-5.473470561,-0.769071031
RbHSO4,481.15,746.2427258,7,0.5014905,0.056904519,2.70563845,-5.606978559,-2.081846777
TlNO3,479.15,723.0264238,5,0.000165267,0.009161552,5.403459112,-5.686027582,-1.075803279
KHSO4,476.65,738.7626659,7,0.428200201,0.027931041,2.196727115,-5.628624312,-2.084940405
AgIO3,473.15,842.4439089,5,0.085173343,0.036135512,5.655834881,-4.143026988,-0.724320082
CrO3,470.4833333,1136.999265,4,0.009630128,0.018052698,2.398040168,-6.620439924,-1.526178955
CrO2,470.15,1157.245269,3,0.144598297,0.232365365,4.629940118,-7.439690688,-2.062564552
TlNO2,457.15,737.0641464,4,0,0.009374549,5.846630847,-5.57583207,-0.874468059
BO3H3,444.15,668.3271187,7,0.037978629,0.042671582,1.460451193,-6.089570858,-1.92734271
MnC5O5,427.15,1026.896729,11,0.235451518,0.013514905,1.667024116,-7.600252735,-0.796340665
MoC6O6,421.15,966.3668407,13,0.232180674,0.012989465,1.898121626,-7.681224908,-0.90051361
H6TeO6,409.15,673.5915984,13,0.232497813,0.047046461,2.990060555,-5.083119108,-1.386525745
IO2,403.15,987.8856199,3,0.022880297,0.016498099,4.97516846,-4.045118601,-0.706671934
H5IO6,395.15,640.8665337,12,0.222402812,0.023030872,3.169920776,-4.675951339,-1.076227573
SeO3,391.15,951.2493943,4,0.013883107,0.028277723,2.980741391,-4.943716291,-0.88548932
LiH2PO4,373.15,730.0423339,8,0.127445781,0.041046937,2.023929542,-6.089571468,-2.241528479
ReC5BrO5,363.15,746.4133962,12,0.284334585,0.012391497,3.039057709,-7.805869686,-1.018900505
H3PO3,347.55,695.5916297,7,0.06077905,0.019137929,1.737177875,-5.668564312,-1.687208276
SO3,335.4,1167.92865,4,0.015416597,0.014838646,1.972769346,-5.807287344,-1.754790776
H2SeO4,331.15,651.7291432,7,0.11939555,0.016594789,2.663288025,-5.007663497,-1.156513972
H3PO4,315.5166667,711.5141262,8,0.082651678,0.020379932,1.895040562,-5.959633945,-1.94523923
N2O5,303.15,787.4298627,7,0.005015547,0.028030817,2.010992349,-6.034171972,-0.729418869
P2O3,296.95,1261.879482,5,9.03E-06,0.031128139,1.894346178,-6.682399678,-1.969686052
H2SO4,283.495,708.8742999,7,0.05972189,0.033671841,1.827967335,-5.530176639,-1.68230163
Mn2O7,279.05,1304.012606,9,0.238456112,0.014439043,2.364325579,-5.859824732,-0.895227963
ReClO3,277.65,729.5795461,5,0.062421237,0.009134143,4.090068086,-7.150232689,-1.863157775
ClO3,276.65,801.4021478,4,0.000492206,0.011479607,2.121033133,-3.997063888,-0.499352042
H2O,273.15,965.1151495,3,8.29E-06,0.016013522,0.958091435,-4.963751548,-1.388705284
